gesture,ax,ay,az,gx,gy,gz,player
basket,[-124],[-466],[-1281],[654],[-135],[1197],wanlin
basket,[-272],[-659],[-1566],[1637],[12074],[-4899],wanlin
basket,[-372],[-662],[-1503],[5471],[88],[-257],wanlin
basket,[-348],[-635],[-1519],[1867],[600],[-531],wanlin
basket,[-223],[-544],[-1231],[-5398],[-1252],[-4097],wanlin
basket,[-1755],[-312],[-1784],[-1438],[25000],[-25000],wanlin
basket,[-2033],[-476],[-1591],[-2069],[25000],[-25000],wanlin
basket,[-278],[-598],[-1507],[2935],[3209],[-1908],wanlin
basket,[-450],[-601],[-1430],[4336],[249],[-1115],wanlin
basket,[-1871],[-272],[-1344],[-5082],[25000],[-17712],wanlin
basket,[-1182],[-443],[-1674],[-2076],[25000],[-24913],wanlin
basket,[-1556],[-515],[-1682],[-1645],[25000],[-25000],wanlin
basket,[-429],[-629],[-1526],[-2946],[25000],[-16864],wanlin
basket,[75],[-599],[-1285],[-2581],[-5978],[7332],wanlin
basket,[-1991],[-945],[-1923],[-9488],[25000],[-21095],wanlin
basket,[-1434],[-614],[-1761],[-5418],[25000],[-22364],wanlin
basket,[-1665],[-527],[-1500],[-10093],[25000],[-21285],wanlin
basket,[-1706],[-391],[-1651],[-11323],[25000],[-24903],wanlin
basket,[-491],[-542],[-1522],[2749],[21421],[-17870],wanlin
basket,[-2055],[-871],[-1786],[-10635],[25000],[-23032],wanlin
basket,[-2122],[-987],[-1068],[-1001],[25000],[-25000],wanlin
basket,[-1685],[-867],[-1341],[-4702],[25000],[-25000],wanlin
basket,[-1681],[-973],[-1449],[-6562],[25000],[-25000],wanlin
basket,[-376],[-490],[-1404],[3132],[-2510],[3057],wanlin
basket,[-762],[-955],[-1664],[-5826],[25000],[-20124],wanlin
basket,[-2158],[-923],[-1631],[-5021],[25000],[-21874],wanlin
basket,[-1974],[-929],[-1596],[-13111],[25000],[-25000],wanlin
basket,[-1776],[-829],[-1514],[-16586],[25000],[-25000],wanlin
basket,[-1916],[-617],[-1690],[-11239],[25000],[-25000],wanlin
basket,[-2279],[-499],[-947],[-2971],[25000],[-25000],wanlin
basket,[-2289],[-436],[-1561],[-17015],[25000],[-25000],wanlin
basket,[-1930],[-831],[-1171],[-17049],[25000],[-25000],wanlin
basket,[-1822],[-447],[-940],[-11804],[25000],[-25000],wanlin
basket,[-1795],[-501],[-1370],[1305],[25000],[-25000],wanlin
basket,[-2206],[-953],[-1160],[-10907],[25000],[-25000],wanlin
basket,[113],[-787],[-1225],[-5525],[-1159],[5815],wanlin
basket,[-1726],[-307],[-1640],[-8957],[25000],[-25000],wanlin
basket,[-1836],[-727],[-1156],[-9407],[25000],[-25000],wanlin
basket,[-1772],[-332],[-976],[-11378],[25000],[-25000],wanlin
basket,[-1816],[-362],[-1389],[-10142],[25000],[-25000],wanlin
basket,[-2189],[-906],[-1221],[-11670],[25000],[-22541],wanlin
basket,[-1512],[-595],[-1523],[-10942],[25000],[-25000],wanlin
basket,[-1530],[-625],[-1138],[-8384],[25000],[-25000],wanlin
basket,[-1612],[-674],[-875],[-5685],[25000],[-25000],wanlin
basket,[-1977],[-487],[-1095],[-8778],[25000],[-25000],wanlin
basket,[-2023],[-321],[-910],[-5607],[25000],[-25000],wanlin
basket,[-1628],[-615],[-943],[-4923],[25000],[-25000],wanlin
basket,[-1582],[-886],[-1502],[-12076],[25000],[-25000],wanlin
basket,[-1765],[-599],[-1392],[-9394],[25000],[-25000],wanlin
basket,[-1717],[-560],[-620],[-9076],[25000],[-21787],wanlin
bowling,[-1850],[-202],[-409],[8233],[-22058],[-17770],wanlin
bowling,[-2062],[37],[-441],[4562],[-23417],[-22405],wanlin
bowling,[-1603],[-437],[-147],[5767],[-21693],[-15565],wanlin
bowling,[-1720],[-959],[-110],[11314],[-15629],[-18484],wanlin
bowling,[-1743],[-627],[-360],[10578],[-24879],[-15630],wanlin
bowling,[-1793],[-383],[-261],[6707],[-23007],[-16120],wanlin
bowling,[-1766],[-118],[-236],[3096],[-25000],[-9553],wanlin
bowling,[-1962],[-161],[-305],[1928],[-25000],[-11853],wanlin
bowling,[-1821],[-388],[-371],[9727],[-25000],[-5710],wanlin
bowling,[-2224],[-263],[-414],[8532],[-25000],[-15450],wanlin
bowling,[-2019],[-3],[-444],[4136],[-25000],[-10602],wanlin
bowling,[-2023],[-181],[-727],[9333],[-25000],[-9921],wanlin
bowling,[-2128],[-198],[-587],[8345],[-25000],[-18054],wanlin
bowling,[-2050],[-189],[-627],[8324],[-25000],[-15169],wanlin
bowling,[-1861],[45],[-633],[6785],[-25000],[-13076],wanlin
bowling,[-1926],[-240],[-593],[12869],[-25000],[-16331],wanlin
bowling,[-1831],[-237],[-653],[12384],[-25000],[-10940],wanlin
bowling,[-2043],[-117],[-679],[7938],[-25000],[-13023],wanlin
bowling,[-1885],[-172],[-691],[6478],[-25000],[-15515],wanlin
bowling,[-1962],[-29],[-433],[5930],[-25000],[-10483],wanlin
bowling,[-1937],[-87],[-730],[6680],[-25000],[-11304],wanlin
bowling,[-1948],[31],[-633],[6727],[-25000],[-10792],wanlin
bowling,[-1902],[-427],[-305],[10093],[-25000],[-13879],wanlin
bowling,[-1683],[-161],[-231],[3957],[-24849],[-10530],wanlin
bowling,[-1838],[-236],[-962],[8089],[-25000],[-12246],wanlin
bowling,[-1816],[-292],[-665],[9498],[-25000],[-9993],wanlin
bowling,[-1657],[-233],[-403],[3904],[-24260],[-13772],wanlin
bowling,[-1731],[-174],[-627],[3043],[-25000],[-12054],wanlin
bowling,[-1910],[-359],[-643],[7903],[-25000],[-14632],wanlin
bowling,[-1947],[-363],[-856],[15652],[-25000],[-7615],wanlin
bowling,[-1904],[-125],[-776],[11897],[-25000],[-10464],wanlin
bowling,[-2187],[-174],[-612],[7668],[-25000],[-17995],wanlin
bowling,[-1916],[154],[-741],[6814],[-25000],[-14898],wanlin
bowling,[-1851],[-54],[-526],[7338],[-24827],[-14191],wanlin
bowling,[-1889],[-211],[-725],[12686],[-24128],[-13145],wanlin
bowling,[-1786],[-115],[-566],[8915],[-25000],[-14409],wanlin
bowling,[-1871],[-56],[-684],[9202],[-25000],[-14701],wanlin
bowling,[-1861],[-136],[-821],[12321],[-25000],[-6140],wanlin
bowling,[-1749],[-502],[-380],[14344],[-22317],[-12112],wanlin
bowling,[-2025],[-70],[-650],[9682],[-25000],[-15989],wanlin
bowling,[-1681],[27],[-469],[7603],[-24946],[-11421],wanlin
bowling,[-1969],[-55],[-615],[4109],[-25000],[-17983],wanlin
bowling,[-1892],[-105],[-564],[7235],[-25000],[-19740],wanlin
bowling,[-2167],[-19],[-635],[2950],[-25000],[-11722],wanlin
bowling,[-1944],[-115],[-442],[4680],[-23019],[-19919],wanlin
bowling,[-1925],[-25],[-559],[8268],[-22618],[-18546],wanlin
bowling,[-1980],[-88],[-962],[16137],[-25000],[-17067],wanlin
bowling,[-2142],[-174],[-1275],[18328],[-25000],[-8655],wanlin
bowling,[-1864],[113],[-588],[1198],[-20911],[-24133],wanlin
bowling,[-2077],[-176],[-651],[11411],[-25000],[-17280],wanlin
reload,[931],[-1227],[276],[-4088],[3688],[1287],wanlin
reload,[-1203],[365],[702],[-4203],[7395],[8644],wanlin
reload,[1149],[-1247],[541],[-1862],[3429],[2230],wanlin
reload,[1012],[-1033],[607],[5719],[1129],[7390],wanlin
reload,[1121],[-1557],[416],[3917],[4742],[6701],wanlin
reload,[956],[-1238],[157],[-6408],[-7001],[-3875],wanlin
reload,[-1353],[715],[283],[-13802],[4433],[12300],wanlin
reload,[1297],[-1838],[194],[-1390],[1071],[3594],wanlin
reload,[8],[-578],[136],[-24967],[1723],[3913],wanlin
reload,[-1267],[418],[-294],[-25000],[17047],[7126],wanlin
reload,[885],[-1982],[188],[787],[-1477],[-400],wanlin
reload,[699],[-882],[892],[6820],[5970],[3749],wanlin
reload,[593],[-1178],[596],[-4824],[-5106],[236],wanlin
reload,[864],[-1283],[1057],[7437],[5205],[247],wanlin
reload,[544],[-1153],[673],[-11164],[249],[3761],wanlin
reload,[867],[-1673],[730],[3979],[1885],[6688],wanlin
reload,[638],[-1158],[815],[-3591],[1168],[6186],wanlin
reload,[715],[-1814],[455],[-3075],[3263],[13510],wanlin
reload,[619],[-1226],[597],[-7979],[-1687],[3050],wanlin
reload,[807],[-379],[633],[-4455],[5579],[5916],wanlin
reload,[862],[-1314],[1123],[1120],[5069],[6410],wanlin
reload,[610],[-1420],[552],[-6331],[485],[5624],wanlin
reload,[1084],[-1813],[352],[7022],[3028],[11355],wanlin
reload,[672],[-1755],[822],[6758],[2150],[13328],wanlin
reload,[408],[-1077],[719],[6262],[4967],[8260],wanlin
reload,[439],[-1030],[853],[-1248],[4144],[1870],wanlin
reload,[392],[-866],[750],[-7116],[1889],[-909],wanlin
reload,[673],[-1537],[976],[7584],[3115],[6459],wanlin
reload,[127],[-998],[1013],[764],[2632],[1744],wanlin
reload,[537],[-1692],[702],[-2894],[3688],[3994],wanlin
reload,[516],[-1298],[1073],[-1031],[3485],[-205],wanlin
reload,[842],[-1001],[664],[1200],[3426],[3559],wanlin
reload,[1048],[-1064],[709],[333],[6807],[4388],wanlin
reload,[972],[-395],[538],[2597],[5767],[5527],wanlin
reload,[-1326],[186],[909],[-5650],[3344],[6064],wanlin
reload,[770],[-1313],[509],[-2691],[2097],[530],wanlin
reload,[1184],[-1653],[434],[5326],[1701],[1027],wanlin
reload,[622],[-1499],[727],[5133],[6065],[15182],wanlin
reload,[988],[-1712],[603],[2429],[8908],[2752],wanlin
reload,[624],[-1855],[650],[-1265],[1657],[-1367],wanlin
reload,[481],[-1547],[927],[-1224],[7986],[848],wanlin
reload,[1262],[-728],[271],[5285],[4139],[10303],wanlin
reload,[894],[-1818],[433],[6134],[-78],[2581],wanlin
reload,[1324],[-1814],[134],[5810],[-592],[2037],wanlin
reload,[1310],[-1613],[148],[2864],[-385],[5822],wanlin
reload,[959],[-1597],[437],[-346],[-2928],[5012],wanlin
reload,[1102],[-811],[543],[2288],[1110],[537],wanlin
reload,[1538],[-2062],[484],[8881],[4905],[7740],wanlin
reload,[1213],[-1272],[649],[3248],[5749],[1232],wanlin
reload,[782],[-1093],[1000],[2568],[3713],[-731],wanlin
volley,[-2251],[1255],[-401],[4986],[246],[21076],wanlin
volley,[-2211],[964],[-616],[6220],[1847],[25000],wanlin
volley,[-2340],[853],[-516],[-1361],[-1640],[22345],wanlin
volley,[-2264],[1136],[6],[-1232],[-7963],[18265],wanlin
volley,[-2225],[1064],[36],[-38],[-2401],[17802],wanlin
volley,[-2324],[938],[-235],[1020],[2019],[20741],wanlin
volley,[-433],[-150],[281],[7930],[-9017],[-1487],wanlin
volley,[-737],[-1678],[1246],[5028],[-10310],[-3527],wanlin
volley,[-859],[-1767],[1636],[9849],[-9338],[-4444],wanlin
volley,[-2353],[1091],[-152],[1722],[3069],[24334],wanlin
volley,[-2495],[960],[-299],[2883],[5131],[25000],wanlin
volley,[-956],[-1506],[876],[7986],[-13638],[-6433],wanlin
volley,[-2319],[1302],[-403],[-3359],[7877],[21263],wanlin
volley,[-835],[-145],[847],[6427],[7985],[10708],wanlin
volley,[-2248],[-1491],[3924],[25000],[-25000],[9405],wanlin
volley,[-1189],[-1796],[2952],[4137],[-17149],[-912],wanlin
volley,[-1078],[-402],[2220],[9099],[-8713],[911],wanlin
volley,[-1102],[-2782],[3872],[17901],[-25000],[-6134],wanlin
volley,[-841],[-809],[1967],[8243],[-13892],[-135],wanlin
volley,[-1046],[-1050],[389],[-7103],[4840],[15999],wanlin
volley,[-792],[-1177],[2677],[14879],[-21833],[-2573],wanlin
volley,[-806],[-383],[1334],[3763],[-12836],[2507],wanlin
volley,[-522],[-19],[1265],[4393],[-14683],[1600],wanlin
volley,[-1797],[-979],[3924],[17516],[-17638],[2033],wanlin
volley,[-830],[-3288],[3924],[25000],[-22919],[-7016],wanlin
volley,[-1083],[-1387],[3924],[14947],[-11230],[-762],wanlin
volley,[-1521],[315],[3924],[12881],[-22473],[6075],wanlin
volley,[-386],[-700],[3655],[16531],[-15896],[-4438],wanlin
volley,[-1140],[623],[3924],[11834],[-25000],[7232],wanlin
volley,[-1576],[255],[3924],[14345],[-13596],[5979],wanlin
volley,[-1448],[-1044],[3924],[22755],[-14948],[603],wanlin
volley,[-1118],[-664],[3278],[12118],[-17383],[1219],wanlin
volley,[-460],[-897],[2587],[14233],[-11522],[-5766],wanlin
volley,[-1234],[69],[3857],[15617],[-13532],[428],wanlin
volley,[-1229],[-1046],[3924],[23615],[-24431],[2215],wanlin
volley,[-1518],[-664],[3924],[20112],[-25000],[5530],wanlin
volley,[-1337],[468],[3787],[10266],[-6212],[6017],wanlin
volley,[-683],[-596],[3652],[18221],[-21791],[1231],wanlin
volley,[-1063],[-958],[3924],[17938],[-16767],[1516],wanlin
volley,[-728],[-2180],[3924],[20385],[-17941],[-2586],wanlin
volley,[-1010],[-1105],[3924],[14261],[-16500],[-35],wanlin
volley,[-196],[17],[3125],[6674],[-25000],[8479],wanlin
volley,[-1113],[170],[3924],[16037],[-18747],[305],wanlin
volley,[-1037],[-2252],[3924],[21982],[-20916],[-619],wanlin
volley,[-1275],[652],[3048],[10274],[-10103],[7173],wanlin
volley,[-1308],[875],[3659],[10775],[-9850],[7600],wanlin
volley,[-72],[-1655],[3924],[25000],[-19257],[-3611],wanlin
volley,[-595],[-16],[3372],[13898],[-17349],[9237],wanlin
volley,[-1147],[550],[3836],[6083],[-3768],[6415],wanlin
volley,[-848],[-331],[3156],[18705],[-19600],[7250],wanlin
rainbomb,[-1845],[1412],[-800],[-13821],[-25000],[10446],wanlin
rainbomb,[-1905],[901],[1136],[1467],[-17428],[13496],wanlin
rainbomb,[-1937],[897],[1101],[4217],[-17312],[12523],wanlin
rainbomb,[-1873],[730],[999],[2954],[-12667],[10725],wanlin
rainbomb,[-2537],[1038],[-742],[-21211],[-25000],[25000],wanlin
rainbomb,[-1994],[975],[522],[1039],[-10599],[12197],wanlin
rainbomb,[-2574],[922],[-1211],[-16702],[-25000],[19830],wanlin
rainbomb,[-1883],[977],[432],[4113],[-13859],[17674],wanlin
rainbomb,[-2188],[1089],[688],[-604],[-25000],[21016],wanlin
rainbomb,[-2028],[1130],[-1135],[-19691],[-25000],[13673],wanlin
rainbomb,[-1857],[700],[450],[-4891],[-6962],[11919],wanlin
rainbomb,[-1838],[1370],[-946],[-25000],[-25000],[20171],wanlin
rainbomb,[-1950],[1489],[-865],[-25000],[-25000],[19682],wanlin
rainbomb,[-2204],[623],[425],[9205],[-25000],[17025],wanlin
rainbomb,[-1846],[1129],[-968],[-18861],[-25000],[19711],wanlin
rainbomb,[-1806],[678],[351],[-7931],[-11014],[13212],wanlin
rainbomb,[-2285],[1372],[-910],[-18134],[-25000],[15326],wanlin
rainbomb,[-2473],[579],[-840],[-4200],[-25000],[13454],wanlin
rainbomb,[-2106],[193],[487],[3199],[-10331],[11568],wanlin
rainbomb,[-1806],[384],[400],[-6199],[-8360],[7116],wanlin
rainbomb,[-1471],[1360],[-969],[-14914],[-25000],[11151],wanlin
rainbomb,[-1731],[1805],[-889],[-23191],[-25000],[15487],wanlin
rainbomb,[-1914],[751],[473],[3191],[-11474],[15398],wanlin
rainbomb,[-2138],[585],[384],[9376],[-25000],[21121],wanlin
rainbomb,[-2168],[1374],[-810],[-16266],[-25000],[25000],wanlin
rainbomb,[-1763],[818],[1121],[7397],[-15104],[13681],wanlin
rainbomb,[-2191],[230],[258],[16535],[-25000],[15775],wanlin
rainbomb,[-1880],[984],[-992],[-9305],[-25000],[19331],wanlin
rainbomb,[-951],[836],[814],[8384],[-456],[3385],wanlin
rainbomb,[-1151],[573],[1357],[1348],[-5660],[4004],wanlin
rainbomb,[-1700],[1290],[1167],[1706],[-7985],[13678],wanlin
rainbomb,[-1940],[557],[573],[8038],[-20435],[17223],wanlin
rainbomb,[-1838],[739],[-1192],[-20156],[-25000],[18008],wanlin
rainbomb,[-1749],[630],[-1012],[-15507],[-25000],[18952],wanlin
rainbomb,[-2217],[754],[-1119],[-10541],[-25000],[4879],wanlin
rainbomb,[-2454],[371],[-450],[2668],[-25000],[12810],wanlin
rainbomb,[-2297],[634],[493],[8338],[-25000],[21406],wanlin
rainbomb,[-1974],[1619],[-978],[-22441],[-25000],[18567],wanlin
rainbomb,[-2340],[909],[-390],[2603],[-25000],[25000],wanlin
rainbomb,[-1773],[610],[477],[-14989],[-8364],[9426],wanlin
rainbomb,[-1946],[213],[763],[7069],[-20577],[11892],wanlin
rainbomb,[-2386],[1079],[-1546],[-25000],[-25000],[22399],wanlin
rainbomb,[-1916],[852],[-974],[-5226],[-25000],[15408],wanlin
rainbomb,[-1920],[908],[-877],[-11062],[-25000],[20132],wanlin
rainbomb,[-2205],[544],[581],[10752],[-18501],[21080],wanlin
rainbomb,[-2256],[837],[581],[-518],[-25000],[7193],wanlin
rainbomb,[-1896],[686],[-1202],[-12811],[-25000],[17935],wanlin
rainbomb,[-2010],[464],[-1335],[-8877],[-25000],[25000],wanlin
rainbomb,[-1730],[945],[-1339],[-12971],[-25000],[16759],wanlin
rainbomb,[-2323],[706],[-37],[-2082],[-25000],[22077],wanlin
shield,[-746],[1727],[-799],[1946],[601],[13732],wanlin
shield,[-1327],[1582],[-1485],[-6504],[17366],[25000],wanlin
shield,[-843],[1610],[-714],[3499],[3137],[14364],wanlin
shield,[-487],[1136],[-1618],[-1717],[16830],[17478],wanlin
shield,[-961],[1380],[-1631],[-5108],[21618],[19757],wanlin
shield,[-728],[1268],[-1554],[-6763],[18253],[18525],wanlin
shield,[-1292],[1264],[-1807],[-4360],[23545],[21641],wanlin
shield,[-1315],[1329],[-1751],[-4680],[22665],[22543],wanlin
shield,[-1415],[974],[-1730],[-3344],[21222],[16029],wanlin
shield,[-1478],[1219],[-1626],[-5636],[20988],[23950],wanlin
shield,[-979],[1620],[-1527],[-2261],[14177],[22394],wanlin
shield,[-949],[1529],[-1439],[-2386],[18094],[19004],wanlin
shield,[-1847],[1305],[-1666],[-745],[25000],[23815],wanlin
shield,[-1452],[1402],[-1588],[2875],[25000],[22207],wanlin
shield,[-925],[1162],[-1523],[640],[22588],[18740],wanlin
shield,[-1360],[1152],[-1830],[-1258],[25000],[18086],wanlin
shield,[-1976],[1104],[-1648],[-2228],[25000],[22441],wanlin
shield,[-1854],[-312],[314],[-3705],[25000],[8684],wanlin
shield,[-1411],[1453],[-1686],[-2191],[25000],[25000],wanlin
shield,[-1944],[-405],[-390],[-334],[25000],[12433],wanlin
shield,[-1918],[1311],[-1232],[-7722],[17626],[24703],wanlin
shield,[-2052],[1280],[-1585],[-2886],[25000],[25000],wanlin
shield,[-1143],[947],[-1859],[-3747],[21794],[11430],wanlin
shield,[-1742],[1051],[-1724],[-3605],[24954],[13640],wanlin
shield,[-1613],[1070],[-1800],[-6640],[25000],[17780],wanlin
shield,[-1626],[1196],[-1703],[-3688],[25000],[23486],wanlin
shield,[-1954],[1175],[-1642],[1055],[25000],[23790],wanlin
shield,[-715],[1810],[-1378],[-2691],[14213],[20527],wanlin
shield,[-927],[1773],[-1463],[3812],[24209],[23310],wanlin
shield,[-994],[1405],[-1472],[3458],[19402],[20642],wanlin
shield,[-583],[1017],[-1675],[-837],[19859],[14056],wanlin
shield,[-1752],[1868],[-1526],[1210],[25000],[25000],wanlin
shield,[-1043],[1539],[-1480],[730],[12858],[17522],wanlin
shield,[-1100],[1709],[-1566],[1637],[20025],[20065],wanlin
shield,[-355],[1596],[-1265],[10158],[6484],[15703],wanlin
shield,[-1814],[1640],[-1247],[-7165],[20642],[25000],wanlin
shield,[-1794],[1569],[-1267],[-3395],[17097],[21878],wanlin
shield,[-953],[999],[-1541],[-1181],[15549],[11722],wanlin
shield,[-1806],[1557],[-1631],[61],[22792],[25000],wanlin
shield,[-924],[1847],[-1423],[5012],[15316],[25000],wanlin
shield,[-1728],[-237],[-497],[2578],[25000],[9492],wanlin
shield,[-1560],[1740],[-1769],[5366],[25000],[25000],wanlin
shield,[-1545],[1870],[-1865],[-886],[25000],[23268],wanlin
shield,[-815],[1887],[-649],[8727],[9887],[22338],wanlin
shield,[-1595],[1681],[-1542],[1300],[25000],[25000],wanlin
shield,[-680],[1102],[-1429],[1825],[14309],[17214],wanlin
shield,[-1228],[1606],[-1406],[5906],[21864],[25000],wanlin
shield,[-1015],[1067],[-1422],[11120],[12892],[22252],wanlin
shield,[-1053],[1064],[-1519],[3583],[25000],[21467],wanlin
shield,[-1145],[1310],[-1672],[6387],[25000],[21561],wanlin
logout,[-1165],[1596],[193],[-4878],[-9515],[2692],wanlin
logout,[-945],[1518],[-42],[-3182],[-5092],[-263],wanlin
logout,[-913],[1508],[-48],[2387],[-3646],[3023],wanlin
logout,[-1078],[1557],[102],[5312],[-5764],[4034],wanlin
logout,[-1200],[1466],[-101],[6655],[4398],[8365],wanlin
logout,[-2116],[1135],[-331],[2759],[19376],[18353],wanlin
logout,[-1168],[1473],[-289],[-3576],[-1176],[1831],wanlin
logout,[-994],[1289],[-444],[-331],[-5526],[-7105],wanlin
logout,[-1221],[1492],[-194],[-354],[-1622],[4534],wanlin
logout,[-1109],[1797],[-123],[1123],[-1208],[915],wanlin
logout,[-1000],[1506],[354],[8762],[-4477],[4248],wanlin
logout,[-885],[1517],[-832],[-3655],[-2477],[666],wanlin
logout,[-1106],[1512],[167],[5635],[-3888],[8962],wanlin
logout,[-2013],[883],[1003],[418],[1009],[21896],wanlin
logout,[-876],[1362],[95],[-2247],[-3511],[-483],wanlin
logout,[-1104],[1471],[209],[435],[746],[10115],wanlin
logout,[-2057],[1307],[114],[2512],[9581],[24724],wanlin
logout,[-1443],[1398],[119],[-6708],[9554],[13803],wanlin
logout,[-1313],[1516],[158],[219],[-3531],[10600],wanlin
logout,[-1929],[1349],[255],[-3485],[6833],[20284],wanlin
logout,[-1961],[1155],[211],[1130],[6537],[24068],wanlin
logout,[-1986],[1265],[322],[-3989],[9427],[22347],wanlin
logout,[-1973],[1148],[443],[2318],[4622],[24716],wanlin
logout,[-2063],[1156],[321],[-6311],[3785],[24153],wanlin
logout,[-2061],[1210],[321],[11112],[8615],[20213],wanlin
logout,[-2096],[1388],[335],[5351],[7293],[24583],wanlin
logout,[-1888],[978],[556],[6328],[2912],[20667],wanlin
logout,[-1028],[1528],[58],[-4057],[898],[8173],wanlin
logout,[-2038],[1381],[566],[9716],[1110],[25000],wanlin
logout,[-1938],[1032],[136],[3813],[3053],[24004],wanlin
logout,[-825],[1374],[358],[-1362],[-3265],[-2675],wanlin
logout,[-2076],[1297],[373],[13166],[10919],[21252],wanlin
logout,[-2091],[1156],[380],[9376],[2673],[24104],wanlin
logout,[-981],[1501],[173],[-3073],[-1867],[-180],wanlin
logout,[-886],[1397],[122],[905],[-3762],[2919],wanlin
logout,[-1937],[1094],[405],[8581],[4166],[20627],wanlin
logout,[-1982],[1526],[232],[12544],[8477],[23702],wanlin
logout,[-1981],[1260],[533],[1123],[934],[22487],wanlin
logout,[-2074],[1043],[359],[6114],[228],[24960],wanlin
logout,[-1113],[-711],[-72],[-3414],[-6759],[22656],wanlin
logout,[-2137],[985],[780],[6705],[1941],[25000],wanlin
logout,[-1257],[1568],[-47],[-1787],[4776],[11494],wanlin
logout,[-991],[1729],[507],[875],[-5136],[-6320],wanlin
logout,[-940],[1581],[491],[1543],[-6127],[445],wanlin
logout,[-938],[1334],[389],[5535],[-4001],[-2246],wanlin
logout,[-1312],[1707],[140],[-3253],[-1622],[15288],wanlin
logout,[-1156],[1611],[476],[-3530],[-2515],[3307],wanlin
logout,[-704],[1471],[96],[-4181],[-2907],[2774],wanlin
basket,[-164],[-434],[-1287],[2676],[4589],[-3489],nich
basket,[-801],[-251],[-1606],[-671],[25000],[-17281],nich
basket,[-482],[-364],[-1527],[4450],[24483],[-12573],nich
basket,[-496],[-119],[-1925],[486],[25000],[-16134],nich
basket,[-1563],[-213],[-1997],[-4960],[25000],[-12386],nich
basket,[-404],[-380],[-1590],[2193],[12031],[-5063],nich
basket,[-1112],[-144],[-1803],[653],[25000],[-11334],nich
basket,[-340],[-484],[-1608],[3097],[22592],[-8563],nich
basket,[-311],[-334],[-1621],[1094],[25000],[-8729],nich
basket,[-1105],[-462],[-1926],[5184],[25000],[-15119],nich
basket,[-10],[-313],[-1458],[1496],[10069],[-141],nich
basket,[-40],[-536],[-1434],[-1052],[-17524],[9117],nich
basket,[-2227],[-389],[-2012],[3337],[25000],[-14866],nich
basket,[-1909],[-462],[-1385],[2167],[25000],[-15757],nich
basket,[-1878],[-653],[-1648],[1536],[25000],[-21945],nich
basket,[-2296],[-624],[-2063],[3495],[25000],[-19073],nich
basket,[-1769],[-356],[-582],[-4016],[25000],[-18878],nich
basket,[-1615],[-361],[-1192],[3551],[25000],[-22383],nich
basket,[-1986],[-289],[-1844],[-766],[25000],[-19761],nich
basket,[-2206],[-1181],[-2098],[1430],[25000],[-25000],nich
basket,[-1687],[-897],[-1936],[-5745],[25000],[-21389],nich
basket,[-2050],[-420],[-1187],[-3276],[25000],[-15739],nich
basket,[-1645],[-267],[-1087],[2489],[25000],[-17088],nich
basket,[-2006],[-415],[-1624],[-2992],[25000],[-17049],nich
basket,[-1895],[-259],[-718],[-1666],[25000],[-17120],nich
basket,[-1911],[-235],[-1413],[-1149],[25000],[-20664],nich
basket,[-1052],[1650],[496],[7890],[-8674],[23245],nich
basket,[-1813],[-541],[-1591],[-559],[25000],[-21919],nich
basket,[-2046],[-517],[-1819],[1812],[25000],[-18403],nich
basket,[-14],[-432],[-1347],[3730],[-1264],[3246],nich
basket,[-1906],[-376],[-1769],[2585],[25000],[-17655],nich
basket,[-1132],[-188],[-1829],[-3078],[25000],[-14818],nich
basket,[-1746],[-462],[-2030],[-1733],[25000],[-19997],nich
basket,[-1567],[-454],[-1772],[-3530],[25000],[-16946],nich
basket,[-1240],[-313],[-1835],[-2715],[25000],[-15218],nich
basket,[-1404],[-360],[-1957],[-7190],[25000],[-11940],nich
basket,[-1757],[-475],[-1355],[-4172],[25000],[-20131],nich
basket,[-1859],[-454],[-1199],[-6402],[25000],[-16145],nich
basket,[-1832],[-424],[-1414],[-3655],[25000],[-23247],nich
basket,[-542],[-493],[-1611],[2238],[25000],[-17962],nich
basket,[-1059],[-402],[-1960],[-3334],[25000],[-17787],nich
basket,[-1656],[-423],[-1564],[-5786],[25000],[-16250],nich
basket,[-446],[-149],[-1585],[-2195],[25000],[-17812],nich
basket,[-1370],[-670],[-1899],[-7348],[25000],[-15425],nich
basket,[-1946],[-480],[-1569],[788],[25000],[-19190],nich
basket,[-1822],[-400],[-1692],[-6891],[25000],[-19801],nich
basket,[-1586],[-505],[-1800],[-9945],[25000],[-10963],nich
basket,[-1666],[-501],[-1480],[256],[25000],[-16367],nich
basket,[-1808],[-747],[-1314],[3330],[25000],[-22125],nich
basket,[-1623],[-620],[-1509],[-1408],[25000],[-21123],nich
bowling,[-1672],[-416],[79],[7271],[-25000],[1798],nich
bowling,[-2073],[-196],[-451],[4534],[-25000],[-1634],nich
bowling,[-1961],[-398],[473],[5098],[-24312],[-402],nich
bowling,[-2239],[-357],[117],[6842],[-25000],[-4544],nich
bowling,[0],[0],[0],[0],[0],[0],nich
bowling,[-1956],[-285],[314],[10661],[-25000],[6522],nich
bowling,[-1830],[-509],[-160],[11452],[-25000],[5852],nich
bowling,[-1901],[-723],[-458],[11034],[-25000],[7953],nich
bowling,[-1846],[-445],[-41],[12789],[-25000],[874],nich
bowling,[-1892],[-438],[-485],[9559],[-25000],[-5417],nich
bowling,[-2103],[-634],[-684],[11564],[-25000],[1812],nich
bowling,[-2040],[-488],[-458],[7197],[-25000],[493],nich
bowling,[-1994],[-410],[871],[11666],[-7734],[958],nich
bowling,[-2189],[-502],[-390],[6842],[-25000],[589],nich
bowling,[-2330],[-463],[-422],[4393],[-25000],[-2069],nich
bowling,[-1864],[-529],[26],[6889],[-25000],[4653],nich
bowling,[-2043],[-304],[-224],[4898],[-25000],[4844],nich
bowling,[-1839],[-449],[527],[5259],[-25000],[3595],nich
bowling,[-1884],[-449],[196],[11629],[-25000],[3630],nich
bowling,[-1699],[-444],[1057],[13615],[5409],[4050],nich
bowling,[-1884],[-291],[430],[9575],[-25000],[7369],nich
bowling,[-1754],[-314],[520],[11132],[-10088],[4885],nich
bowling,[-2284],[-527],[601],[3406],[-25000],[-1079],nich
bowling,[-1765],[-573],[711],[17359],[22115],[8503],nich
bowling,[-1996],[-595],[308],[9837],[-22019],[4161],nich
bowling,[0],[0],[0],[0],[0],[0],nich
bowling,[-2201],[-181],[-496],[2331],[-25000],[-6749],nich
bowling,[-2353],[-622],[-45],[6440],[-25000],[4083],nich
bowling,[-2028],[-767],[562],[11393],[-24488],[9846],nich
bowling,[-2192],[-419],[-387],[6009],[-25000],[5536],nich
bowling,[-2061],[-329],[-166],[-679],[-25000],[-3061],nich
bowling,[-1955],[-687],[521],[10808],[-16777],[-3038],nich
bowling,[-1841],[-254],[977],[13486],[-4735],[3566],nich
bowling,[-2231],[-100],[-622],[1248],[-25000],[-5632],nich
bowling,[-1211],[-802],[486],[4692],[19318],[5287],nich
bowling,[-2184],[-586],[981],[7616],[-25000],[3471],nich
bowling,[-2451],[-400],[-765],[3004],[-25000],[3270],nich
bowling,[-2069],[-676],[593],[15091],[-11856],[7331],nich
bowling,[-2301],[-265],[-278],[1401],[-25000],[-3616],nich
bowling,[-2398],[-540],[-8],[4947],[-25000],[8937],nich
bowling,[-1827],[-531],[1053],[11581],[-5817],[11678],nich
bowling,[-1955],[-507],[402],[5577],[-25000],[9104],nich
bowling,[-1831],[-432],[983],[13422],[-1281],[9089],nich
bowling,[-2284],[-358],[-316],[5848],[-25000],[399],nich
bowling,[-2221],[-627],[659],[7844],[-25000],[7802],nich
bowling,[-1583],[-337],[993],[16180],[7708],[3520],nich
bowling,[-2209],[-496],[315],[8398],[-25000],[1915],nich
bowling,[0],[0],[0],[0],[0],[0],nich
bowling,[-2034],[-192],[205],[3189],[-25000],[7443],nich
bowling,[-2036],[-197],[-290],[6610],[-25000],[-3682],nich
reload,[-734],[1831],[-293],[-25000],[1865],[8363],nich
reload,[-657],[1743],[15],[-24234],[5108],[-2678],nich
reload,[-1345],[785],[-275],[-25000],[10717],[15235],nich
reload,[-1438],[1130],[-274],[-25000],[7108],[16113],nich
reload,[-1308],[879],[-388],[-25000],[11995],[13270],nich
reload,[-1304],[155],[252],[-24535],[7207],[5365],nich
reload,[-1248],[392],[-489],[-25000],[9441],[9243],nich
reload,[-1223],[2048],[-677],[-25000],[13868],[3127],nich
reload,[913],[-266],[163],[-6420],[-11046],[7063],nich
reload,[-1417],[219],[212],[-23516],[7330],[4969],nich
reload,[-1309],[404],[135],[-25000],[12928],[-524],nich
reload,[-1260],[1071],[-95],[-23371],[11458],[10291],nich
reload,[-1390],[235],[50],[-19907],[7837],[7953],nich
reload,[-1344],[1671],[-372],[-20035],[10858],[12154],nich
reload,[-748],[1827],[-458],[-22564],[8465],[4646],nich
reload,[1042],[-514],[-192],[-4889],[-11565],[12051],nich
reload,[-1219],[576],[-36],[-25000],[7937],[7707],nich
reload,[-1535],[388],[263],[-25000],[13686],[1310],nich
reload,[-1468],[779],[435],[-22988],[8803],[2786],nich
reload,[-1451],[126],[221],[-25000],[8165],[5985],nich
reload,[-1809],[980],[-98],[-25000],[9578],[5353],nich
reload,[1375],[-832],[-62],[-4123],[-8896],[10335],nich
reload,[-752],[1695],[-158],[-15962],[3613],[1064],nich
reload,[-1289],[1131],[-55],[-25000],[6334],[10142],nich
reload,[1232],[-649],[216],[3168],[-7818],[8206],nich
reload,[-713],[1639],[359],[-19542],[8462],[7032],nich
reload,[-699],[1731],[88],[-17609],[2764],[-3744],nich
reload,[-533],[1682],[116],[-21057],[945],[-6265],nich
reload,[-1209],[1180],[40],[-25000],[4961],[6134],nich
reload,[1195],[-1103],[309],[-5916],[10709],[831],nich
reload,[-922],[1858],[-176],[-24950],[4612],[4063],nich
reload,[-1368],[1278],[-272],[-25000],[14275],[10744],nich
reload,[-584],[1803],[-110],[-25000],[-2053],[3147],nich
reload,[-858],[1972],[153],[-22084],[5379],[-1347],nich
reload,[-818],[1945],[-385],[-25000],[3587],[-7944],nich
reload,[-1211],[1070],[143],[-25000],[-244],[8117],nich
reload,[-1279],[522],[400],[-25000],[9907],[-795],nich
reload,[87],[458],[21],[-506],[-202],[-118],nich
reload,[-1349],[334],[-217],[-25000],[9099],[5825],nich
reload,[-845],[1866],[-307],[-14144],[5434],[-3307],nich
reload,[-1481],[1867],[-198],[-22662],[10454],[6489],nich
reload,[-1476],[1337],[283],[-25000],[10477],[-3939],nich
reload,[-1054],[1741],[205],[-21650],[6838],[1054],nich
reload,[844],[-183],[152],[-18291],[-7431],[1598],nich
reload,[-749],[1768],[-14],[-25000],[2378],[-12642],nich
reload,[-1367],[1324],[-198],[-25000],[14809],[5037],nich
reload,[-1387],[982],[92],[-25000],[13491],[9131],nich
reload,[-1333],[1168],[-1],[-25000],[4669],[5303],nich
reload,[765],[109],[342],[-12471],[-3882],[3450],nich
reload,[-806],[1717],[438],[-9866],[319],[-1747],nich
volley,[-405],[-1138],[52],[-2403],[-1950],[-7538],nich
volley,[-523],[-1151],[362],[2645],[1203],[-4421],nich
volley,[-319],[-1162],[68],[54],[-1347],[2895],nich
volley,[-617],[750],[1161],[1384],[-22639],[5246],nich
volley,[-1094],[792],[1354],[1697],[-19722],[5108],nich
volley,[-1392],[1007],[1443],[-7330],[-1980],[6112],nich
volley,[-3135],[724],[2622],[-21327],[-19064],[9635],nich
volley,[-272],[-1328],[38],[-1677],[-2536],[-6861],nich
volley,[-2291],[973],[3116],[-16898],[-13710],[8205],nich
volley,[-2257],[-643],[3924],[1032],[-13959],[3276],nich
volley,[-1712],[-980],[2710],[-9533],[-18761],[3979],nich
volley,[744],[518],[3223],[-2021],[-1214],[734],nich
volley,[-2359],[-1543],[3924],[-9772],[-2480],[8801],nich
volley,[-3924],[608],[3687],[-25000],[-25000],[18755],nich
volley,[-524],[-1468],[-31],[131],[-4848],[-1014],nich
volley,[-1926],[441],[3924],[-4537],[-11584],[-6642],nich
volley,[-1680],[-1024],[3823],[1094],[-7070],[4874],nich
volley,[-2045],[1435],[1923],[-11758],[-25000],[6038],nich
volley,[-1978],[828],[3435],[-10895],[-3405],[6418],nich
volley,[-2060],[-693],[3833],[-7386],[-23583],[949],nich
volley,[-136],[583],[-431],[24605],[-13689],[-7991],nich
volley,[-2762],[-1373],[3459],[-5758],[-21758],[-3898],nich
volley,[-1861],[-1170],[3914],[-13451],[-18045],[8104],nich
volley,[-1500],[0],[3924],[3334],[-12049],[96],nich
volley,[-710],[-532],[2627],[-8821],[-12737],[16770],nich
volley,[-1792],[-367],[3924],[-12929],[-12498],[13297],nich
volley,[-2598],[-1289],[3924],[-154],[-13824],[4063],nich
volley,[-859],[-269],[1512],[-10724],[-19904],[5916],nich
volley,[-2488],[1187],[2972],[-12588],[4562],[20208],nich
volley,[-1529],[-464],[3924],[-5514],[-12495],[8127],nich
volley,[-1065],[-79],[1837],[-3705],[-4372],[11916],nich
volley,[-1222],[16],[2335],[-3440],[-2086],[8436],nich
volley,[-1113],[-425],[2215],[-2547],[-17049],[6660],nich
volley,[-896],[-561],[2500],[-4387],[-11529],[9110],nich
volley,[-1126],[553],[1717],[-10392],[-3708],[9887],nich
volley,[-920],[202],[1958],[-10210],[-4963],[14786],nich
volley,[-1263],[894],[3143],[-12112],[-23644],[7470],nich
volley,[-1599],[1598],[1935],[-9597],[984],[15113],nich
volley,[-1305],[-1384],[3924],[3903],[-5948],[3015],nich
volley,[-547],[569],[903],[-9539],[-4303],[9434],nich
volley,[-1833],[-354],[3924],[-5179],[-3459],[5239],nich
volley,[-396],[45],[778],[-192],[-3788],[9611],nich
volley,[-1311],[-319],[3583],[-8336],[-11951],[7243],nich
volley,[-1139],[719],[1310],[-7216],[-1120],[11732],nich
volley,[-932],[158],[1125],[-7792],[-2181],[12138],nich
volley,[-1369],[705],[2648],[-4559],[-1851],[13475],nich
volley,[-1901],[574],[2959],[-13959],[-7655],[18839],nich
volley,[-1441],[1547],[2090],[-2795],[-8051],[18442],nich
volley,[-1804],[816],[2969],[-12570],[-4340],[15638],nich
volley,[-1319],[136],[1825],[1288],[-3154],[9607],nich
rainbomb,[-2542],[1056],[-435],[-14248],[-25000],[2064],nich
rainbomb,[-2367],[741],[-73],[-10830],[-25000],[2957],nich
rainbomb,[-1692],[469],[618],[-9740],[13000],[1595],nich
rainbomb,[-1966],[762],[618],[-3679],[-19612],[16611],nich
rainbomb,[-1914],[761],[546],[-5447],[-13927],[15648],nich
rainbomb,[-1714],[484],[773],[-15884],[-1411],[6482],nich
rainbomb,[-1783],[231],[1231],[-3518],[-12149],[7448],nich
rainbomb,[-1995],[385],[387],[-6379],[-14314],[6429],nich
rainbomb,[-2095],[-169],[794],[-1947],[-14104],[4690],nich
rainbomb,[-2168],[804],[222],[-10618],[-20150],[13801],nich
rainbomb,[-2122],[499],[54],[-8177],[-19261],[12462],nich
rainbomb,[-1947],[818],[747],[-3681],[-9014],[15266],nich
rainbomb,[-2096],[324],[143],[-1109],[-17706],[9349],nich
rainbomb,[-2545],[751],[369],[-6153],[-25000],[8886],nich
rainbomb,[-1748],[147],[771],[-7668],[10123],[-5040],nich
rainbomb,[-2865],[944],[-1229],[-11485],[-25000],[7000],nich
rainbomb,[-2510],[1129],[793],[-8331],[-25000],[7593],nich
rainbomb,[-2459],[374],[440],[-11041],[-12916],[-1448],nich
rainbomb,[-2444],[852],[352],[-9844],[-23706],[9362],nich
rainbomb,[-2274],[141],[376],[-5065],[-17558],[7828],nich
rainbomb,[-1876],[290],[817],[-12093],[1857],[4744],nich
rainbomb,[-2339],[628],[128],[-9108],[-22341],[13080],nich
rainbomb,[-2356],[283],[-589],[-11438],[-17205],[7939],nich
rainbomb,[-2382],[-15],[-584],[-3962],[-25000],[13631],nich
rainbomb,[-1949],[337],[664],[-8363],[-7300],[10660],nich
rainbomb,[-2477],[1114],[426],[-12465],[-18814],[19344],nich
rainbomb,[-1979],[783],[673],[-7982],[-14349],[13016],nich
rainbomb,[-1926],[77],[749],[-5058],[-13798],[7607],nich
rainbomb,[-1996],[153],[576],[-2331],[-12324],[10807],nich
rainbomb,[-2054],[786],[852],[-7550],[-16184],[14656],nich
rainbomb,[-2435],[949],[113],[-13692],[-25000],[15129],nich
rainbomb,[-2010],[416],[548],[-7061],[-3546],[6631],nich
rainbomb,[-2151],[857],[1482],[-7723],[-20514],[12890],nich
rainbomb,[-2029],[447],[1195],[-5628],[-10751],[10899],nich
rainbomb,[-2181],[-18],[-1856],[-6260],[-25000],[25000],nich
rainbomb,[-2827],[330],[-898],[-7478],[-25000],[7512],nich
rainbomb,[-2027],[467],[444],[-12334],[-14049],[8159],nich
rainbomb,[-2322],[899],[353],[-15707],[-17680],[8842],nich
rainbomb,[-2482],[209],[262],[-6096],[-25000],[3061],nich
rainbomb,[-2173],[130],[-138],[-2638],[-12678],[14502],nich
rainbomb,[-1981],[975],[1132],[-2118],[-13869],[16547],nich
rainbomb,[-2288],[595],[84],[-9627],[-23811],[14151],nich
rainbomb,[-2026],[588],[878],[-16680],[-13425],[9231],nich
rainbomb,[-1843],[580],[757],[-7937],[-5004],[6260],nich
rainbomb,[-1943],[1391],[1089],[-6817],[-9330],[14769],nich
rainbomb,[-1976],[597],[994],[-5770],[-17542],[14366],nich
rainbomb,[-1929],[-9],[483],[-6743],[-5521],[5775],nich
rainbomb,[-1815],[1784],[-1311],[-19822],[-25000],[20456],nich
rainbomb,[-2648],[619],[157],[-7159],[-23712],[3782],nich
rainbomb,[-1764],[609],[971],[-13720],[-2000],[9224],nich
shield,[-1993],[1522],[-957],[7923],[7683],[25000],nich
shield,[-1400],[-331],[27],[-9164],[14845],[25000],nich
shield,[-2171],[1840],[-1176],[15008],[19204],[25000],nich
shield,[-1957],[1355],[-532],[3138],[-13025],[21474],nich
shield,[-1299],[1393],[-289],[-1592],[-8953],[11968],nich
shield,[-1321],[1682],[53],[-810],[-4682],[4231],nich
shield,[-1646],[1765],[-1112],[14151],[2865],[22560],nich
shield,[-1037],[1598],[-280],[22504],[-4276],[12447],nich
shield,[-1182],[1884],[-411],[7399],[-9874],[13183],nich
shield,[-1080],[1489],[-132],[3831],[-8140],[8671],nich
shield,[-1512],[1622],[-274],[6649],[-6426],[11040],nich
shield,[-1301],[1641],[-790],[5928],[-1601],[21434],nich
shield,[-1142],[1761],[-395],[11639],[-8261],[17645],nich
shield,[-936],[1621],[-1036],[10261],[8262],[19655],nich
shield,[-1071],[1351],[63],[-4945],[-83],[498],nich
shield,[-1167],[1422],[-126],[4990],[-7784],[12130],nich
shield,[-1209],[1396],[-472],[14408],[-9008],[6335],nich
shield,[-2433],[1640],[-219],[8365],[21546],[25000],nich
shield,[-2023],[2088],[-811],[13161],[14685],[25000],nich
shield,[-1845],[1557],[-241],[10222],[-8546],[25000],nich
shield,[-2150],[1661],[-464],[10791],[14824],[25000],nich
shield,[-1418],[1531],[-110],[3384],[-11081],[15780],nich
shield,[-1946],[1810],[-231],[9231],[-12599],[23270],nich
shield,[-1601],[1778],[-748],[12701],[-834],[23081],nich
shield,[-1761],[1660],[-398],[10814],[-11766],[23875],nich
shield,[-1286],[1640],[-562],[5621],[-3035],[23229],nich
shield,[-1809],[1735],[-499],[11116],[-10314],[19979],nich
shield,[-1171],[1332],[-198],[-2423],[-2565],[6188],nich
shield,[-1610],[1580],[-506],[5970],[-11237],[23028],nich
shield,[-1069],[1524],[132],[-1688],[-10791],[4075],nich
shield,[-1116],[1614],[-88],[299],[-5474],[8918],nich
shield,[-1256],[1550],[-41],[5585],[-7004],[9767],nich
shield,[-1510],[1669],[-1437],[5816],[-5674],[14524],nich
shield,[-1700],[1625],[-965],[11971],[-8934],[19399],nich
shield,[-1427],[1471],[-233],[3608],[-3335],[17218],nich
shield,[-1587],[1655],[-536],[14997],[-11911],[18302],nich
shield,[-1651],[1577],[-789],[7933],[-6423],[25000],nich
shield,[-2010],[1450],[-1195],[10182],[-2455],[23033],nich
shield,[-2009],[1607],[-681],[14735],[9994],[25000],nich
shield,[-1737],[1802],[-593],[13409],[2664],[25000],nich
shield,[-1966],[1737],[-436],[4320],[102],[25000],nich
shield,[-1135],[1359],[-298],[-7034],[-9070],[10567],nich
shield,[-1149],[1601],[-62],[16143],[-4666],[15265],nich
shield,[-1096],[1632],[-524],[4175],[-6575],[14935],nich
shield,[-1001],[1458],[61],[-3212],[2719],[4786],nich
shield,[-1725],[1746],[-532],[10997],[-19972],[1142],nich
shield,[-1264],[1629],[83],[-2724],[1569],[904],nich
shield,[-968],[1546],[-345],[-2333],[-9736],[2594],nich
shield,[-1319],[1624],[-534],[9450],[-9970],[18774],nich
shield,[-1541],[1682],[-572],[11996],[-9780],[25000],nich
logout,[-1216],[1499],[718],[-3810],[4500],[371],nich
logout,[-1551],[1426],[861],[1525],[1793],[10731],nich
logout,[-1767],[1477],[763],[22597],[-1380],[17622],nich
logout,[-1795],[835],[1247],[-2842],[-76],[1936],nich
logout,[-1666],[750],[1213],[-8933],[5305],[3253],nich
logout,[-1871],[959],[1389],[-1290],[-2455],[3781],nich
logout,[-1908],[817],[449],[-11226],[1471],[6395],nich
logout,[-1891],[989],[790],[-3778],[-2349],[10003],nich
logout,[-1881],[658],[752],[7274],[-8846],[14677],nich
logout,[-1800],[1195],[616],[-1351],[-3321],[5000],nich
logout,[-1821],[1366],[1208],[-2694],[405],[4370],nich
logout,[-1793],[918],[1072],[2758],[-8745],[10515],nich
logout,[-1738],[1375],[1332],[4247],[-558],[2455],nich
logout,[-1254],[1343],[714],[13769],[3444],[-2137],nich
logout,[-1115],[1354],[816],[12531],[4119],[-1551],nich
logout,[-1865],[803],[463],[-12480],[-1819],[3534],nich
logout,[-1748],[924],[905],[-1113],[-2112],[6083],nich
logout,[-2064],[841],[1219],[11814],[-17590],[25000],nich
logout,[-1999],[1067],[391],[7042],[-7399],[25000],nich
logout,[-1925],[928],[890],[1148],[274],[13644],nich
logout,[-1367],[1509],[467],[23970],[543],[5689],nich
logout,[-1217],[1391],[406],[25000],[-4330],[5769],nich
logout,[-1087],[1489],[655],[10837],[-8399],[9955],nich
logout,[-1857],[1026],[685],[3828],[-3348],[16317],nich
logout,[-1702],[1093],[1326],[-1159],[-2374],[7656],nich
logout,[-1543],[1577],[421],[24645],[597],[13963],nich
logout,[-1401],[1660],[-44],[24108],[-328],[8722],nich
logout,[-1806],[1660],[336],[25000],[-2627],[21964],nich
logout,[-1359],[1497],[907],[3677],[-5601],[7919],nich
logout,[-1101],[1557],[108],[21894],[4443],[4715],nich
logout,[-1252],[1316],[811],[8641],[-100],[3471],nich
logout,[-1744],[1136],[921],[2613],[-7555],[15162],nich
logout,[-1315],[1425],[949],[11410],[-10234],[14387],nich
logout,[-1091],[1480],[198],[1708],[5684],[-1170],nich
logout,[-1321],[1388],[944],[9568],[1134],[1996],nich
logout,[-1026],[1392],[401],[4379],[2175],[-289],nich
logout,[-2268],[1384],[-27],[8342],[-8168],[25000],nich
logout,[-1033],[1597],[437],[18020],[-8779],[8673],nich
logout,[-1858],[1722],[218],[8820],[-2873],[25000],nich
logout,[-1306],[1586],[408],[8300],[-8185],[10847],nich
logout,[-2055],[1334],[82],[1171],[-4303],[25000],nich
logout,[-1825],[1661],[585],[7301],[-10808],[22642],nich
logout,[-1118],[1566],[383],[8996],[-35],[-230],nich
logout,[-1903],[1545],[197],[3894],[-7056],[25000],nich
logout,[-1055],[1388],[311],[6968],[-2376],[7016],nich
logout,[-1121],[1377],[375],[1259],[-3098],[5554],nich
logout,[-1759],[1792],[168],[10486],[-4320],[25000],nich
logout,[-1162],[1514],[539],[-18189],[8574],[-5407],nich
logout,[-1123],[1560],[658],[9230],[-916],[-795],nich
logout,[-1073],[1467],[694],[7469],[-4535],[1976],nich
basket,[-2053],[-533],[-753],[-3736],[25000],[-22408],leo
basket,[-1932],[-596],[-1136],[-1793],[25000],[-16025],leo
basket,[-2682],[-583],[-1580],[-5020],[25000],[-16319],leo
basket,[-1869],[-95],[-890],[-5285],[25000],[-21783],leo
basket,[-1822],[-627],[-1936],[-1792],[25000],[-17132],leo
basket,[-1558],[-549],[-1839],[-8331],[25000],[-21108],leo
basket,[-1614],[-378],[-942],[5522],[25000],[-24384],leo
basket,[-1734],[-818],[-1658],[-531],[25000],[-22725],leo
basket,[-1673],[48],[-510],[-3617],[25000],[-15781],leo
basket,[-1640],[-480],[-1254],[-2700],[25000],[-19273],leo
basket,[-1402],[-587],[-1360],[660],[25000],[-16219],leo
basket,[-1583],[-129],[-804],[849],[25000],[-18318],leo
basket,[-1813],[82],[330],[1834],[25000],[-13970],leo
basket,[-2050],[-211],[169],[-3359],[25000],[-13565],leo
basket,[-1187],[246],[1039],[-1221],[25000],[-14246],leo
basket,[-1779],[-262],[-29],[2365],[25000],[-18122],leo
basket,[-1446],[-54],[319],[218],[25000],[-15779],leo
basket,[-1456],[54],[736],[-1032],[25000],[-10877],leo
basket,[-1487],[39],[265],[-1331],[25000],[-19598],leo
basket,[-1403],[-441],[-408],[-1725],[25000],[-18453],leo
basket,[-1253],[-308],[-412],[841],[25000],[-16408],leo
basket,[-1621],[-282],[-177],[1696],[25000],[-16747],leo
basket,[-1543],[-159],[209],[939],[25000],[-13755],leo
basket,[-1544],[-341],[-333],[1821],[25000],[-21835],leo
basket,[-1690],[-247],[323],[1680],[25000],[-16810],leo
basket,[-1645],[-281],[-41],[-5873],[25000],[-16378],leo
basket,[-1522],[49],[779],[-3022],[25000],[-15764],leo
basket,[-1516],[-102],[181],[-6126],[25000],[-19640],leo
basket,[-1507],[-188],[458],[-1255],[25000],[-13483],leo
basket,[-1757],[28],[158],[-86],[25000],[-12174],leo
basket,[-1612],[77],[348],[-2607],[25000],[-14072],leo
basket,[-1474],[19],[86],[-1973],[25000],[-17738],leo
basket,[-1366],[122],[-119],[-1526],[25000],[-20399],leo
basket,[-1678],[132],[638],[584],[25000],[-14754],leo
basket,[-1695],[-27],[495],[-4633],[25000],[-8835],leo
basket,[-1724],[49],[390],[-362],[25000],[-16158],leo
basket,[-1438],[-79],[86],[-2941],[25000],[-18755],leo
basket,[-1641],[-81],[133],[-1911],[25000],[-24719],leo
basket,[-1590],[-96],[-32],[-2935],[25000],[-16691],leo
basket,[-1649],[17],[101],[-3606],[25000],[-18088],leo
basket,[-1561],[-214],[-125],[-338],[25000],[-15594],leo
basket,[-1386],[-179],[473],[-6921],[25000],[-17888],leo
basket,[-1497],[160],[462],[-1254],[25000],[-19083],leo
basket,[-1623],[-124],[-170],[-1892],[25000],[-19409],leo
basket,[-1578],[-213],[-95],[-11891],[25000],[-14303],leo
basket,[-1603],[-91],[345],[-1371],[25000],[-17072],leo
basket,[-1363],[-332],[-415],[-1839],[25000],[-18081],leo
basket,[-1641],[-102],[-291],[-2183],[25000],[-25000],leo
basket,[-1438],[20],[-37],[-1317],[25000],[-19450],leo
bowling,[-1506],[-116],[-388],[-4615],[25000],[-22765],leo
bowling,[-1608],[127],[-305],[1062],[-24745],[-2594],leo
bowling,[-1888],[-47],[-701],[2301],[-25000],[1847],leo
bowling,[-1777],[41],[-458],[159],[-25000],[-3160],leo
bowling,[-1908],[24],[-324],[3131],[-25000],[-1623],leo
bowling,[-1539],[-108],[-497],[5861],[-25000],[-3633],leo
bowling,[-1922],[160],[-918],[3243],[-25000],[-2766],leo
bowling,[-1572],[66],[-604],[-2304],[-25000],[-4150],leo
bowling,[-1696],[170],[-540],[-1456],[-25000],[-2045],leo
bowling,[-1635],[32],[-466],[2868],[-25000],[122],leo
bowling,[-1586],[172],[-350],[-1601],[-25000],[-2893],leo
bowling,[-1531],[-10],[-344],[917],[-25000],[-4724],leo
bowling,[-1781],[268],[-116],[1768],[-25000],[-1915],leo
bowling,[-1821],[194],[-269],[-245],[-25000],[-3836],leo
bowling,[-1798],[279],[-759],[-795],[-25000],[556],leo
bowling,[-1761],[-76],[-583],[612],[-25000],[1644],leo
bowling,[-1712],[-44],[-437],[1590],[-25000],[-3858],leo
bowling,[-1555],[73],[-317],[1796],[-25000],[-4243],leo
bowling,[-1829],[128],[-456],[-3916],[-25000],[-3323],leo
bowling,[-1563],[333],[-228],[-4190],[-25000],[-6883],leo
bowling,[-1755],[173],[-644],[502],[-25000],[-6933],leo
bowling,[-1816],[449],[-133],[-3793],[-25000],[-9869],leo
bowling,[-1684],[236],[-525],[3079],[-25000],[-341],leo
bowling,[-1601],[472],[-264],[-1024],[-24744],[-5188],leo
bowling,[-1786],[291],[-551],[1482],[-25000],[-6881],leo
bowling,[-1669],[224],[-462],[-1602],[-25000],[-5396],leo
bowling,[-1711],[347],[-371],[-2794],[-25000],[-3581],leo
bowling,[-1770],[5],[-348],[-5315],[-25000],[-6992],leo
bowling,[-1702],[377],[-645],[-1950],[-25000],[-6453],leo
bowling,[-1649],[328],[-635],[817],[-25000],[-5649],leo
bowling,[-1628],[229],[-482],[1564],[-25000],[-6465],leo
bowling,[-1520],[0],[-358],[169],[-25000],[-5448],leo
bowling,[-1703],[234],[-316],[-944],[-25000],[-3865],leo
bowling,[-1795],[221],[-594],[1869],[-25000],[-6601],leo
bowling,[-1756],[85],[-594],[1515],[-25000],[-7451],leo
bowling,[-1741],[75],[-741],[3794],[-25000],[-6578],leo
bowling,[-1836],[217],[-396],[125],[-25000],[-5408],leo
bowling,[-1680],[155],[-199],[-614],[-25000],[-3763],leo
bowling,[-1547],[269],[-185],[-399],[-25000],[-3423],leo
bowling,[-1786],[53],[-538],[1446],[-24629],[-10130],leo
bowling,[-1882],[30],[-592],[-28],[-25000],[-8857],leo
bowling,[-1790],[145],[-495],[3111],[-25000],[-2280],leo
bowling,[-1726],[147],[-296],[2284],[-25000],[-3559],leo
bowling,[-1688],[289],[-463],[-3292],[-25000],[-8271],leo
bowling,[-1881],[267],[-259],[-1111],[-25000],[-3952],leo
bowling,[-1872],[353],[-253],[1673],[-25000],[-4819],leo
bowling,[-1923],[189],[-410],[1007],[-23316],[-5318],leo
bowling,[-1688],[141],[-169],[-1087],[-25000],[-7413],leo
bowling,[-1866],[-17],[-451],[-76],[-25000],[-3998],leo
bowling,[-1885],[159],[-187],[-402],[-25000],[-2732],leo
reload,[881],[-238],[525],[1670],[4667],[3376],leo
reload,[1021],[-442],[305],[1222],[5135],[4629],leo
reload,[842],[-493],[209],[-7730],[4237],[7131],leo
reload,[997],[604],[1265],[-753],[8037],[631],leo
reload,[883],[-566],[632],[-426],[10134],[8253],leo
reload,[-1435],[1015],[-733],[-25000],[18771],[14606],leo
reload,[-1219],[1579],[-788],[-25000],[15403],[10107],leo
reload,[-1516],[761],[-666],[-22077],[14083],[20036],leo
reload,[-1266],[749],[-572],[-25000],[6876],[18573],leo
reload,[-1337],[1082],[-383],[-23770],[9207],[12912],leo
reload,[431],[-748],[208],[-12566],[3758],[11706],leo
reload,[495],[-985],[87],[-18639],[6337],[13017],leo
reload,[233],[-661],[424],[-13715],[11479],[8471],leo
reload,[545],[-675],[380],[-25000],[10330],[8361],leo
reload,[-1359],[1161],[-237],[-16345],[10560],[11770],leo
reload,[613],[-801],[708],[-7647],[8953],[9864],leo
reload,[1209],[-1629],[1000],[-405],[4184],[10155],leo
reload,[-1191],[1114],[-459],[-22425],[10989],[12125],leo
reload,[350],[-862],[670],[-3782],[2463],[10549],leo
reload,[65],[-633],[503],[-14188],[7924],[14394],leo
reload,[285],[-499],[349],[-12770],[8264],[11787],leo
reload,[128],[-591],[694],[-14900],[14958],[10074],leo
reload,[-16],[-593],[237],[-14936],[6517],[19360],leo
reload,[-792],[1702],[-513],[-20063],[3570],[7626],leo
reload,[-1249],[954],[-133],[-21066],[8230],[15020],leo
reload,[476],[-747],[666],[-5350],[2028],[12829],leo
reload,[146],[-707],[488],[-9836],[7883],[14407],leo
reload,[244],[-879],[676],[-6598],[4514],[14127],leo
reload,[147],[-633],[833],[-6785],[11768],[16715],leo
reload,[313],[-969],[1392],[-4499],[9193],[12794],leo
reload,[188],[-794],[395],[-11307],[13239],[14229],leo
reload,[-49],[-684],[462],[-8268],[9690],[17677],leo
reload,[-474],[-519],[218],[-15599],[16158],[15886],leo
reload,[232],[-725],[924],[-7517],[10870],[13532],leo
reload,[-1165],[1281],[-264],[-25000],[6264],[11867],leo
reload,[342],[-743],[805],[-6542],[5458],[12520],leo
reload,[-1293],[814],[-211],[-25000],[11082],[15635],leo
reload,[85],[-314],[48],[-12278],[7512],[15286],leo
reload,[-1267],[1111],[348],[-24055],[9866],[15272],leo
reload,[255],[-589],[447],[-8909],[8142],[11972],leo
reload,[-166],[-417],[-7],[-21007],[3267],[17787],leo
reload,[-1249],[1216],[-521],[-18446],[11809],[14622],leo
reload,[-35],[-579],[222],[-19441],[5599],[13857],leo
reload,[-1170],[1404],[-519],[-19264],[12036],[11929],leo
reload,[-231],[-657],[744],[-7526],[12483],[17295],leo
reload,[133],[-686],[469],[-8631],[11550],[13824],leo
reload,[534],[-811],[1003],[-127],[9163],[10718],leo
reload,[681],[-648],[1173],[-2111],[8334],[6710],leo
reload,[519],[-744],[611],[-1827],[14117],[9192],leo
volley,[-2931],[92],[1852],[7215],[-25000],[8670],leo
volley,[-1863],[-1094],[580],[3382],[-25000],[305],leo
volley,[-3004],[1703],[3087],[-16834],[-19370],[8167],leo
volley,[-1701],[-556],[-719],[15337],[-25000],[10743],leo
volley,[-2706],[131],[3843],[6605],[-6538],[11396],leo
volley,[-2515],[1991],[1089],[-21267],[-25000],[7557],leo
volley,[-1528],[1549],[429],[-10564],[-19560],[18001],leo
volley,[-2092],[1326],[3924],[-17407],[-10118],[1587],leo
volley,[-1634],[308],[3231],[-82],[-1937],[8959],leo
volley,[-940],[8],[1352],[9166],[-13511],[7404],leo
volley,[-1963],[1368],[73],[-8693],[-25000],[8987],leo
volley,[-2081],[2278],[2498],[-24515],[-21107],[844],leo
volley,[-2458],[948],[3924],[-9067],[-16188],[4037],leo
volley,[-1786],[-91],[3924],[-1261],[-11520],[2851],leo
volley,[-1884],[-251],[3601],[-8471],[-6991],[3125],leo
volley,[140],[804],[869],[1627],[-5973],[9028],leo
volley,[-1158],[1438],[-891],[-7849],[-21974],[14203],leo
volley,[-2051],[1841],[1934],[-25000],[-25000],[2268],leo
volley,[-2551],[2798],[390],[-25000],[-25000],[10605],leo
volley,[-661],[46],[-43],[10573],[-13520],[5296],leo
volley,[-1875],[-651],[3529],[10016],[-11429],[3421],leo
volley,[-945],[698],[-1444],[1454],[-19159],[8226],leo
volley,[-2323],[587],[-4],[2555],[-25000],[7882],leo
volley,[-1815],[1571],[567],[838],[-21462],[11713],leo
volley,[-2581],[2884],[2549],[-25000],[-20453],[7971],leo
volley,[-2128],[836],[-1258],[-3893],[-25000],[9537],leo
volley,[-1280],[-788],[1314],[24301],[-10184],[7375],leo
volley,[-3131],[318],[1775],[3638],[-25000],[5874],leo
volley,[-1632],[-1224],[-104],[19984],[-23719],[6739],leo
volley,[-833],[50],[119],[7257],[-13857],[5935],leo
volley,[-3597],[1271],[-723],[12031],[-25000],[13572],leo
volley,[-3053],[1052],[1783],[6164],[-23943],[11819],leo
volley,[-1809],[-1177],[266],[25000],[-25000],[9586],leo
volley,[-1495],[1397],[-1],[-3492],[-19541],[9358],leo
volley,[-3491],[2367],[2011],[-25000],[-25000],[7032],leo
volley,[-2087],[1844],[-599],[-7367],[-25000],[10489],leo
volley,[-2791],[2516],[-1899],[489],[-25000],[11454],leo
volley,[-717],[-1049],[26],[25000],[-18444],[701],leo
volley,[-2729],[499],[-1306],[8209],[-25000],[13624],leo
volley,[-3116],[2018],[1893],[-23178],[-25000],[980],leo
volley,[-3292],[457],[1891],[-4975],[-25000],[6352],leo
volley,[-595],[-2231],[-599],[25000],[-18738],[2924],leo
volley,[-1984],[-91],[-1884],[7417],[-25000],[10873],leo
volley,[-539],[-1653],[-44],[25000],[-19832],[3447],leo
volley,[-3524],[-2],[821],[7309],[-25000],[3370],leo
volley,[-2373],[2561],[77],[-9776],[-25000],[17207],leo
volley,[-959],[-1355],[538],[24466],[-20866],[4430],leo
volley,[-1288],[-1491],[-288],[25000],[-17858],[9169],leo
volley,[-3208],[3161],[1582],[-25000],[-25000],[2973],leo
volley,[-2685],[444],[2043],[11249],[-24043],[5788],leo
rainbomb,[-1251],[596],[-917],[-10821],[-23941],[14728],leo
rainbomb,[-1224],[129],[-1067],[-13322],[-25000],[16537],leo
rainbomb,[-1849],[293],[1596],[10906],[-20454],[8505],leo
rainbomb,[-2124],[1126],[1518],[6780],[-25000],[17932],leo
rainbomb,[-2133],[430],[1977],[10293],[-25000],[11096],leo
rainbomb,[-1223],[52],[1665],[7566],[-16547],[7387],leo
rainbomb,[-2039],[246],[1813],[9095],[-25000],[12868],leo
rainbomb,[-1033],[-70],[1608],[3527],[-11635],[7940],leo
rainbomb,[-2122],[566],[1493],[10599],[-25000],[10824],leo
rainbomb,[-848],[53],[1775],[315],[-10448],[4636],leo
rainbomb,[-1552],[-96],[1810],[6114],[-19368],[9029],leo
rainbomb,[-1005],[1],[1640],[1660],[-11773],[4937],leo
rainbomb,[-560],[458],[1526],[-2085],[-6242],[7371],leo
rainbomb,[-790],[-6],[1631],[9839],[-11308],[5104],leo
rainbomb,[-992],[240],[1636],[9571],[-11401],[7031],leo
rainbomb,[-1970],[444],[1468],[11395],[-25000],[7618],leo
rainbomb,[-1577],[402],[-500],[-1565],[-25000],[23496],leo
rainbomb,[-824],[-60],[-888],[-8857],[-18636],[16213],leo
rainbomb,[-1009],[796],[1548],[8075],[-9665],[9562],leo
rainbomb,[-1321],[-99],[1724],[6247],[-16245],[6307],leo
rainbomb,[-2136],[-152],[1278],[8689],[-25000],[2982],leo
rainbomb,[-894],[23],[1450],[-2194],[-6655],[6649],leo
rainbomb,[-633],[-25],[1568],[3080],[-5963],[5346],leo
rainbomb,[-1869],[3],[1582],[12842],[-23695],[12883],leo
rainbomb,[-911],[-93],[1643],[3707],[-11075],[7934],leo
rainbomb,[-1999],[489],[1386],[4745],[-25000],[13319],leo
rainbomb,[-1080],[319],[1779],[18142],[-15224],[9150],leo
rainbomb,[-805],[201],[1627],[6683],[-7239],[5362],leo
rainbomb,[-776],[494],[1568],[14487],[-8855],[4341],leo
rainbomb,[-780],[353],[1586],[1221],[-7907],[5648],leo
rainbomb,[-838],[218],[1659],[6488],[-10222],[7625],leo
rainbomb,[-872],[-163],[1588],[2817],[-11492],[6919],leo
rainbomb,[-2297],[813],[971],[7982],[-25000],[20482],leo
rainbomb,[-1116],[756],[1930],[9040],[-17236],[10142],leo
rainbomb,[-2091],[488],[1601],[12530],[-25000],[15679],leo
rainbomb,[-869],[-43],[1558],[7661],[-10276],[11268],leo
rainbomb,[-844],[196],[1612],[6845],[-9935],[6334],leo
rainbomb,[-708],[606],[1611],[2687],[-8132],[8335],leo
rainbomb,[-1011],[381],[1445],[3855],[-4001],[3294],leo
rainbomb,[-1956],[848],[1509],[6485],[-25000],[19253],leo
rainbomb,[-1044],[-45],[1747],[8124],[-10963],[4260],leo
rainbomb,[-1303],[291],[1702],[1425],[-11931],[12947],leo
rainbomb,[-1106],[386],[1524],[-130],[-7400],[9483],leo
rainbomb,[-1053],[599],[1603],[-4538],[-9265],[10188],leo
rainbomb,[-1287],[634],[1766],[8789],[-18305],[16765],leo
rainbomb,[-1500],[246],[-4],[-772],[-22681],[18949],leo
rainbomb,[-1872],[1056],[1788],[3418],[-21532],[16553],leo
rainbomb,[-862],[146],[1412],[18],[-5747],[8780],leo
rainbomb,[-1947],[760],[1528],[6556],[-25000],[16975],leo
rainbomb,[-1956],[1009],[1411],[5622],[-21189],[21245],leo
shield,[-1972],[728],[-1669],[1700],[25000],[10889],leo
shield,[-1835],[483],[-1630],[-1304],[25000],[10183],leo
shield,[-1913],[669],[-1779],[-3020],[25000],[14210],leo
shield,[-1701],[565],[-1753],[-1352],[25000],[11377],leo
shield,[-1879],[800],[-1265],[1186],[25000],[11819],leo
shield,[-1123],[78],[520],[-4199],[25000],[2495],leo
shield,[-1280],[-127],[114],[-7623],[25000],[3611],leo
shield,[-928],[-24],[460],[1379],[23255],[6761],leo
shield,[-1183],[266],[1049],[64],[25000],[448],leo
shield,[-1874],[472],[-1460],[-2902],[25000],[6814],leo
shield,[-1893],[329],[-1621],[-1564],[25000],[7338],leo
shield,[-1307],[147],[-1681],[2505],[22181],[4609],leo
shield,[-1828],[263],[-1639],[-1934],[25000],[5970],leo
shield,[-1322],[257],[-1800],[-5797],[24952],[7506],leo
shield,[-858],[154],[461],[-2656],[23196],[1454],leo
shield,[-356],[322],[850],[-5516],[11451],[1165],leo
shield,[-2078],[286],[-1334],[-291],[25000],[7566],leo
shield,[-1808],[387],[-1407],[-6826],[25000],[8220],leo
shield,[-810],[369],[804],[-3604],[21795],[1171],leo
shield,[-1841],[376],[-1371],[-3195],[25000],[8881],leo
shield,[-1379],[185],[-1822],[-3714],[21510],[6877],leo
shield,[-1879],[83],[-1304],[-6391],[25000],[6357],leo
shield,[-1527],[451],[-1668],[-2913],[21854],[12054],leo
shield,[-934],[111],[598],[937],[24183],[4406],leo
shield,[-1548],[-174],[-1736],[-9578],[25000],[1626],leo
shield,[-1883],[123],[-1546],[-3756],[25000],[6873],leo
shield,[-1972],[303],[-1469],[-3369],[25000],[8949],leo
shield,[-556],[182],[840],[-2086],[18212],[3132],leo
shield,[-2101],[71],[-1448],[-6791],[25000],[4676],leo
shield,[-1820],[190],[-1357],[-3115],[24855],[7890],leo
shield,[-1942],[1],[-1447],[-8010],[25000],[4657],leo
shield,[-1335],[538],[-1645],[-4085],[20609],[9028],leo
shield,[-1918],[195],[-1320],[-9305],[25000],[6528],leo
shield,[-1966],[588],[-1420],[863],[25000],[6587],leo
shield,[-1904],[349],[-1441],[-6154],[25000],[3695],leo
shield,[-1936],[291],[-1583],[-2220],[25000],[6872],leo
shield,[-1332],[241],[331],[-1052],[25000],[3003],leo
shield,[-1390],[-89],[393],[-3273],[25000],[6050],leo
shield,[-1772],[158],[-1885],[-7281],[25000],[7500],leo
shield,[-1901],[215],[-1777],[-3759],[25000],[8114],leo
shield,[-817],[397],[-1507],[-856],[7390],[4331],leo
shield,[-1769],[515],[-1511],[-4689],[25000],[12140],leo
shield,[-1247],[331],[-1645],[-4084],[17001],[5680],leo
shield,[-1679],[562],[-1726],[-3791],[24904],[10086],leo
shield,[-1097],[868],[-1480],[2531],[15472],[11957],leo
shield,[-1969],[488],[-1492],[1716],[25000],[10025],leo
shield,[-966],[406],[-1540],[-3376],[13403],[11204],leo
shield,[-1965],[322],[-1330],[-673],[25000],[10573],leo
shield,[-971],[551],[-1423],[1519],[13014],[8397],leo
shield,[-943],[691],[-1579],[1780],[20414],[4600],leo
logout,[-486],[1406],[42],[-4210],[1291],[1230],leo
logout,[-579],[1452],[139],[395],[1678],[4297],leo
logout,[-1473],[-148],[190],[-2633],[4625],[22244],leo
logout,[-1023],[1795],[237],[3765],[2053],[11156],leo
logout,[-722],[1586],[224],[4069],[701],[7930],leo
logout,[-658],[1631],[515],[3537],[624],[7575],leo
logout,[-838],[1936],[270],[5716],[-2134],[5652],leo
logout,[-508],[1301],[197],[-2447],[234],[5159],leo
logout,[-1156],[-412],[92],[-2475],[981],[20855],leo
logout,[-1275],[-240],[108],[-1223],[-749],[20782],leo
logout,[-559],[1540],[490],[3980],[-3514],[6243],leo
logout,[-645],[1620],[330],[5980],[-1396],[7713],leo
logout,[-476],[1475],[572],[4533],[-2593],[5209],leo
logout,[-683],[1586],[484],[5473],[-479],[4523],leo
logout,[-1029],[1797],[701],[5604],[-5092],[13499],leo
logout,[-531],[1592],[678],[7491],[-1906],[4882],leo
logout,[-2024],[1227],[78],[5114],[2689],[24487],leo
logout,[-562],[1728],[463],[2846],[-3218],[5038],leo
logout,[-448],[1489],[320],[1425],[-1060],[3775],leo
logout,[-1159],[2014],[416],[7148],[-1929],[13225],leo
logout,[-866],[1720],[262],[5390],[244],[8796],leo
logout,[-750],[1471],[503],[3507],[-1081],[2740],leo
logout,[-707],[1734],[31],[6102],[813],[3370],leo
logout,[-606],[1639],[522],[4197],[-440],[8811],leo
logout,[-482],[1517],[751],[6762],[-1140],[6819],leo
logout,[-1080],[-404],[-4],[-6479],[4765],[18829],leo
logout,[-473],[1693],[-50],[2285],[-148],[5767],leo
logout,[-1004],[2097],[-226],[9170],[2462],[16631],leo
logout,[-1042],[2027],[-132],[8684],[3227],[-2475],leo
logout,[-453],[2008],[40],[7230],[-863],[7741],leo
logout,[-767],[1829],[-137],[9403],[2737],[5840],leo
logout,[-1051],[1783],[402],[9627],[1242],[15162],leo
logout,[-718],[1774],[393],[7416],[-1084],[9325],leo
logout,[-404],[1477],[33],[-593],[1359],[8326],leo
logout,[-700],[1752],[85],[8997],[601],[7687],leo
logout,[-686],[1580],[-114],[1560],[-372],[8252],leo
logout,[-619],[1971],[346],[8281],[-1763],[8986],leo
logout,[-782],[1853],[95],[3107],[1557],[12312],leo
logout,[-812],[1795],[200],[9244],[-1178],[3995],leo
logout,[-1193],[1860],[448],[4271],[77],[15602],leo
logout,[-694],[1570],[123],[3717],[760],[11828],leo
logout,[-456],[1455],[47],[-1852],[-38],[3794],leo
logout,[-539],[1519],[2],[801],[537],[5737],leo
logout,[-968],[1584],[294],[8124],[705],[10624],leo
logout,[-1128],[1816],[29],[9879],[2578],[11365],leo
logout,[-855],[1714],[222],[8362],[894],[9338],leo
logout,[-837],[1770],[383],[7014],[-1037],[10803],leo
logout,[-649],[1577],[-256],[12646],[-2027],[2545],leo
logout,[-917],[1511],[281],[3153],[-3325],[5251],leo
logout,[-936],[2110],[352],[4058],[563],[13391],leo
basket,[-1748],[-186],[-122],[-375],[25000],[-14541],wp
basket,[-1779],[-296],[-471],[-2269],[25000],[-18129],wp
basket,[-1468],[-337],[-257],[-3701],[25000],[-16798],wp
basket,[-1584],[-345],[-338],[-3918],[25000],[-14982],wp
basket,[-1736],[-490],[-564],[-3023],[25000],[-14893],wp
basket,[-1772],[-419],[-659],[-6579],[25000],[-13050],wp
basket,[-1763],[-494],[-657],[-5845],[25000],[-20208],wp
basket,[-1797],[-344],[-248],[-2378],[25000],[-13283],wp
basket,[-1778],[-204],[-231],[-2559],[25000],[-14379],wp
basket,[-1983],[-365],[-407],[-3810],[25000],[-16519],wp
basket,[-1983],[-527],[-252],[-5200],[25000],[-10621],wp
basket,[-2032],[-213],[-835],[955],[25000],[-10384],wp
basket,[-1910],[-160],[4],[363],[25000],[-19177],wp
basket,[-1650],[-259],[-181],[-2455],[25000],[-16879],wp
basket,[-1842],[-264],[-5],[-2370],[25000],[-15047],wp
basket,[-1693],[-143],[-118],[-1965],[25000],[-14533],wp
basket,[-2078],[-159],[-190],[-914],[25000],[-19949],wp
basket,[-1737],[-246],[-96],[2243],[25000],[-20281],wp
basket,[-1491],[-218],[-54],[-1577],[25000],[-15981],wp
basket,[-1756],[-309],[-97],[-4388],[25000],[-12382],wp
basket,[-1760],[-33],[71],[-3105],[25000],[-17423],wp
basket,[-1474],[-229],[-74],[-1820],[25000],[-13292],wp
basket,[-1468],[-201],[0],[-910],[25000],[-16029],wp
basket,[-1480],[-173],[-110],[-5112],[25000],[-12398],wp
basket,[-1872],[-52],[88],[-2400],[25000],[-16220],wp
basket,[-2009],[-434],[-412],[-3643],[25000],[-15476],wp
basket,[-1881],[-40],[135],[-759],[25000],[-14513],wp
basket,[-1612],[-149],[238],[737],[25000],[-13803],wp
basket,[-1663],[-129],[28],[-124],[25000],[-18885],wp
basket,[-2057],[444],[1089],[-705],[24085],[-13077],wp
basket,[-1491],[-309],[-282],[-1615],[25000],[-17784],wp
basket,[-1647],[-403],[-333],[-5076],[25000],[-17529],wp
basket,[-2511],[-426],[-337],[-2823],[25000],[-13199],wp
basket,[-1592],[-340],[-118],[-7307],[25000],[-12311],wp
basket,[-1904],[-375],[-102],[-5368],[25000],[-15340],wp
basket,[-1645],[-177],[-351],[-3485],[25000],[-16376],wp
basket,[-1680],[-196],[-23],[-1132],[25000],[-17838],wp
basket,[-1615],[-281],[60],[-3397],[25000],[-16689],wp
basket,[-1771],[64],[330],[955],[25000],[-15077],wp
basket,[-1469],[-266],[128],[-3766],[25000],[-8600],wp
basket,[-1961],[-29],[547],[-3796],[25000],[-16692],wp
basket,[-1426],[-128],[65],[-272],[25000],[-12774],wp
basket,[-1494],[-321],[-115],[1249],[25000],[-14912],wp
basket,[-1390],[-102],[66],[4692],[25000],[-9816],wp
basket,[-1279],[-195],[23],[1507],[25000],[-14834],wp
basket,[-1575],[-159],[-132],[1226],[25000],[-13564],wp
basket,[-1331],[-14],[278],[-3714],[25000],[-12440],wp
basket,[-1785],[-57],[-61],[6346],[25000],[-17899],wp
basket,[-1505],[-170],[193],[-1329],[25000],[-10089],wp
basket,[-2058],[-198],[-288],[2742],[25000],[-23683],wp
bowling,[-1468],[-132],[-448],[13316],[-21369],[-277],wp
bowling,[-1520],[-11],[-576],[12756],[-25000],[-2575],wp
bowling,[-1515],[181],[-495],[8643],[-25000],[-3193],wp
bowling,[-1554],[-89],[-547],[13735],[-24632],[-1264],wp
bowling,[-1649],[-10],[-479],[11961],[-25000],[-1506],wp
bowling,[-1581],[65],[-572],[5422],[-25000],[-6751],wp
bowling,[-1701],[132],[-629],[6744],[-25000],[-5166],wp
bowling,[-1748],[12],[-722],[3935],[-25000],[-2880],wp
bowling,[-1395],[-160],[-324],[11218],[-25000],[2581],wp
bowling,[-1492],[87],[-398],[8711],[-24237],[-4846],wp
bowling,[-1610],[-34],[-520],[7584],[-25000],[3214],wp
bowling,[-1690],[-15],[-588],[7750],[-25000],[-471],wp
bowling,[-1542],[134],[-613],[5452],[-25000],[-2401],wp
bowling,[-1392],[-3],[-64],[9566],[-18121],[-7451],wp
bowling,[-1230],[99],[-26],[8590],[-13156],[-698],wp
bowling,[-1582],[-29],[-576],[3366],[-25000],[1966],wp
bowling,[-1577],[115],[-565],[4139],[-24003],[-1942],wp
bowling,[-1607],[276],[-470],[2200],[-25000],[-6241],wp
bowling,[-1722],[564],[-893],[-5496],[19110],[9393],wp
bowling,[-1599],[171],[-607],[2208],[-25000],[-4394],wp
bowling,[-1747],[1],[-788],[4988],[-25000],[-995],wp
bowling,[-1841],[-49],[-955],[10077],[-25000],[-1683],wp
bowling,[-1727],[604],[-1394],[-3545],[16173],[11530],wp
bowling,[-1493],[-66],[-537],[5551],[-25000],[-77],wp
bowling,[-1622],[-96],[-729],[7296],[-25000],[-1471],wp
bowling,[-1498],[-9],[-131],[7353],[-25000],[-569],wp
bowling,[-1610],[15],[-538],[7956],[-25000],[2050],wp
bowling,[-1724],[67],[-659],[6265],[-25000],[-490],wp
bowling,[-1580],[180],[-572],[2748],[-25000],[-2317],wp
bowling,[-1642],[-6],[-889],[7647],[-25000],[4438],wp
bowling,[-1701],[177],[-565],[4664],[-25000],[-5951],wp
bowling,[-1472],[46],[-486],[11593],[-24131],[120],wp
bowling,[-1503],[294],[-455],[2163],[-25000],[-3189],wp
bowling,[-1839],[122],[-1057],[6385],[-25000],[675],wp
bowling,[-1564],[352],[-564],[5055],[-25000],[-3283],wp
bowling,[-1383],[471],[-459],[4854],[-22756],[-5601],wp
bowling,[-1554],[302],[-554],[6469],[-24601],[-8935],wp
bowling,[-1535],[303],[-384],[7857],[-25000],[-10471],wp
bowling,[-1529],[248],[-596],[6727],[-25000],[-6530],wp
bowling,[-1528],[200],[-442],[7928],[-25000],[-5626],wp
bowling,[-1583],[18],[-408],[6115],[-25000],[1322],wp
bowling,[-1494],[116],[-347],[9758],[-23972],[-10363],wp
bowling,[-1547],[242],[-490],[7863],[-25000],[-7903],wp
bowling,[-2078],[185],[-1066],[1822],[-25000],[-2144],wp
bowling,[-1592],[264],[-581],[6807],[-25000],[-5848],wp
bowling,[-1426],[107],[-361],[9105],[-25000],[-8977],wp
bowling,[-1623],[228],[-514],[3638],[-25000],[-9730],wp
bowling,[-1351],[79],[-255],[4832],[-25000],[-5883],wp
bowling,[-1449],[262],[-168],[4385],[-23339],[-6942],wp
bowling,[-1355],[239],[-272],[9160],[-21067],[-10309],wp
reload,[745],[-1558],[1056],[-1082],[3959],[-1152],wp
reload,[837],[-1319],[1058],[3856],[2597],[-1856],wp
reload,[490],[-1127],[1086],[10431],[10726],[-869],wp
reload,[745],[-1553],[173],[13346],[9579],[5876],wp
reload,[934],[-71],[-26],[-25000],[7079],[3855],wp
reload,[618],[-1153],[640],[4103],[3376],[579],wp
reload,[505],[-1753],[1191],[-1346],[1781],[9454],wp
reload,[304],[-1135],[850],[4010],[15826],[12424],wp
reload,[398],[-1128],[820],[-521],[10107],[8021],wp
reload,[614],[-2069],[1628],[4016],[5988],[14134],wp
reload,[377],[-1037],[1127],[-9129],[-839],[9740],wp
reload,[859],[-1028],[1051],[5339],[4714],[64],wp
reload,[664],[-1083],[590],[702],[4727],[3267],wp
reload,[437],[-1656],[1389],[8414],[9991],[5777],wp
reload,[626],[-1408],[1551],[8822],[3452],[-115],wp
reload,[777],[-1096],[844],[1084],[3576],[4689],wp
reload,[779],[-976],[665],[-2301],[1876],[1062],wp
reload,[971],[-1426],[858],[-1586],[4769],[4779],wp
reload,[652],[-1039],[982],[11686],[-1924],[-1617],wp
reload,[455],[-906],[438],[5951],[5075],[6884],wp
reload,[657],[-958],[930],[9560],[5876],[-2906],wp
reload,[882],[-65],[294],[-7979],[4113],[3890],wp
reload,[672],[-1148],[1024],[10910],[6424],[-5571],wp
reload,[923],[-1207],[692],[1580],[8922],[621],wp
reload,[-895],[122],[348],[5877],[-3775],[-11999],wp
reload,[678],[-968],[820],[2367],[9624],[1812],wp
reload,[417],[-1136],[1077],[12580],[4907],[-3937],wp
reload,[923],[-1265],[285],[6188],[4101],[5632],wp
reload,[814],[-105],[336],[-798],[7409],[-1488],wp
reload,[591],[-1269],[1578],[5012],[3035],[-11622],wp
reload,[796],[-847],[913],[-1568],[3787],[-1390],wp
reload,[776],[-943],[820],[-655],[9891],[5218],wp
reload,[731],[-275],[769],[1821],[5665],[3160],wp
reload,[896],[-876],[763],[-3883],[8188],[6888],wp
reload,[916],[-1044],[842],[-745],[6865],[5866],wp
reload,[667],[-1258],[1011],[-167],[3885],[4429],wp
reload,[747],[-674],[511],[-4513],[6606],[5773],wp
reload,[935],[-1174],[394],[-9364],[5159],[5876],wp
reload,[870],[-1733],[471],[1589],[1261],[7304],wp
reload,[801],[-1194],[596],[4730],[8041],[3726],wp
reload,[933],[-1016],[697],[9574],[4663],[1042],wp
reload,[533],[-1227],[887],[12871],[5371],[-1385],wp
reload,[88],[-292],[1545],[135],[-19],[-14013],wp
reload,[629],[-29],[516],[-975],[10166],[3294],wp
reload,[706],[118],[252],[-9468],[8062],[6086],wp
reload,[628],[-1334],[1047],[10196],[5852],[8567],wp
reload,[845],[-331],[754],[5552],[11204],[-3752],wp
reload,[1049],[-22],[257],[707],[3234],[-4556],wp
reload,[722],[265],[345],[-1403],[472],[-5829],wp
reload,[753],[428],[411],[-517],[4766],[-2404],wp
volley,[-3689],[1630],[3924],[-19064],[-25000],[37],wp
volley,[-1721],[814],[2729],[23304],[-11014],[2128],wp
volley,[-1925],[2759],[1706],[1570],[-15177],[14070],wp
volley,[-414],[2364],[2473],[25000],[-4280],[1677],wp
volley,[-1909],[712],[3924],[19663],[-14073],[4609],wp
volley,[-1769],[2850],[2440],[13393],[-22430],[11686],wp
volley,[-1349],[-885],[3331],[25000],[-3763],[-2118],wp
volley,[-1872],[-884],[2576],[25000],[-5197],[-2496],wp
volley,[-1849],[-2416],[3847],[25000],[-2996],[-1503],wp
volley,[-1999],[-913],[3924],[25000],[-12784],[2355],wp
volley,[131],[3666],[1639],[21903],[923],[1670],wp
volley,[-1969],[760],[2788],[13924],[-19968],[7503],wp
volley,[-1849],[2825],[2833],[7876],[-18741],[8833],wp
volley,[-3054],[-154],[3924],[24040],[-18951],[2658],wp
volley,[-1890],[164],[3269],[7769],[-10103],[1906],wp
volley,[-2301],[3157],[3873],[2950],[-20298],[7682],wp
volley,[-2046],[1900],[3470],[20764],[-17405],[8602],wp
volley,[-2181],[2851],[3200],[9435],[-22376],[7370],wp
volley,[-1833],[-975],[3762],[17515],[-6103],[-2175],wp
volley,[-2015],[-1448],[3924],[25000],[-7162],[-3137],wp
volley,[-1109],[78],[3549],[25000],[-1727],[-4673],wp
volley,[-1276],[2690],[3043],[16824],[-14999],[5963],wp
volley,[-254],[3774],[2362],[1389],[-12460],[8494],wp
volley,[-1881],[147],[3924],[24948],[-14897],[1639],wp
volley,[-1179],[3270],[3358],[6170],[-13795],[5162],wp
volley,[-1736],[1433],[3924],[18868],[-9963],[-330],wp
volley,[-1603],[857],[3924],[12327],[-9150],[-1172],wp
volley,[-2013],[-967],[3924],[25000],[-7487],[-585],wp
volley,[-1814],[-429],[3924],[17623],[-5897],[-1480],wp
volley,[-1468],[241],[3134],[14171],[-7321],[79],wp
volley,[-831],[1139],[1942],[10518],[-7865],[2048],wp
volley,[-1857],[3398],[2920],[-335],[-22188],[9105],wp
volley,[-1078],[3012],[1779],[-15261],[-16210],[10866],wp
volley,[-1753],[1944],[3924],[11711],[-13047],[1170],wp
volley,[-1282],[2561],[2022],[-578],[-11049],[3621],wp
volley,[-1302],[-41],[2409],[6144],[-2740],[-1062],wp
volley,[-625],[2566],[1233],[-11954],[-14766],[8689],wp
volley,[-1193],[947],[1419],[7493],[-9265],[4168],wp
volley,[-1233],[1210],[1719],[3462],[-15251],[4750],wp
volley,[-1355],[-5],[2510],[14489],[-1935],[-651],wp
volley,[-946],[3571],[2971],[4113],[-9621],[5011],wp
volley,[-1594],[495],[3324],[11947],[-4625],[-2150],wp
volley,[-1572],[2487],[2795],[1853],[-19818],[6614],wp
volley,[-1450],[594],[3034],[5295],[-5039],[-2517],wp
volley,[-1792],[1270],[3924],[18294],[-10934],[817],wp
volley,[-957],[2259],[1767],[-8993],[-12278],[7985],wp
volley,[-1628],[-287],[2859],[13828],[-7171],[-1266],wp
volley,[-1866],[-380],[3924],[25000],[-6773],[1023],wp
volley,[-936],[2217],[3117],[2751],[-15758],[10233],wp
volley,[-1878],[51],[3151],[12708],[-7950],[5669],wp
rainbomb,[-76],[841],[-937],[-13685],[-16632],[-6274],wp
rainbomb,[74],[787],[-221],[-15010],[-9833],[-1876],wp
rainbomb,[-1025],[461],[-400],[-23],[-25000],[-2652],wp
rainbomb,[-1916],[-224],[-1401],[-2906],[-25000],[12221],wp
rainbomb,[-2401],[489],[-1250],[-13195],[-25000],[25000],wp
rainbomb,[-364],[-128],[-1574],[-9316],[-19832],[8894],wp
rainbomb,[-1330],[188],[-1469],[-4513],[-25000],[8466],wp
rainbomb,[-794],[278],[-1245],[-15698],[-22093],[11564],wp
rainbomb,[-164],[634],[-587],[-3771],[-16111],[2463],wp
rainbomb,[7],[337],[-631],[-3606],[-18235],[-1595],wp
rainbomb,[-473],[169],[-1316],[-11552],[-23498],[10017],wp
rainbomb,[-480],[363],[-470],[-7946],[-17092],[12038],wp
rainbomb,[-634],[-1095],[-1128],[65],[1211],[14614],wp
rainbomb,[-1095],[407],[-1363],[-10721],[-18247],[19627],wp
rainbomb,[-603],[426],[-1801],[-6727],[-8564],[13075],wp
rainbomb,[-694],[-552],[-1379],[-7122],[-13640],[16348],wp
rainbomb,[-467],[731],[-689],[-6678],[-25000],[4528],wp
rainbomb,[280],[41],[-1468],[-9912],[-14737],[2019],wp
rainbomb,[-706],[656],[-1613],[-13509],[-24725],[8555],wp
rainbomb,[-1006],[-671],[-1636],[-3595],[-6929],[19484],wp
rainbomb,[-1983],[457],[606],[-7802],[-19393],[7831],wp
rainbomb,[-2077],[-233],[-1296],[-12186],[-20542],[25000],wp
rainbomb,[-301],[546],[-711],[-12240],[-16645],[9944],wp
rainbomb,[-619],[-531],[-1598],[-11119],[-16300],[10019],wp
rainbomb,[-587],[1753],[146],[-24256],[-18256],[368],wp
rainbomb,[-479],[637],[-1205],[-11955],[-21299],[4908],wp
rainbomb,[-1047],[339],[-1513],[1103],[-25000],[15037],wp
rainbomb,[-757],[344],[-1644],[-7674],[-17946],[16611],wp
rainbomb,[-356],[598],[-1671],[-11112],[-18280],[8537],wp
rainbomb,[-1031],[-659],[-986],[-10367],[-13806],[21217],wp
rainbomb,[-490],[1724],[412],[-25000],[-16399],[4034],wp
rainbomb,[-744],[-278],[-692],[2984],[-22138],[1992],wp
rainbomb,[-469],[-196],[-1560],[-1090],[-15402],[1621],wp
rainbomb,[-1294],[-361],[-1399],[-2787],[-16843],[16616],wp
rainbomb,[52],[-499],[-1704],[-6099],[-11558],[-742],wp
rainbomb,[-551],[-1036],[-956],[-4570],[-13672],[7393],wp
rainbomb,[-1442],[354],[-1689],[-17416],[-24984],[13091],wp
rainbomb,[-257],[928],[-412],[4340],[-16158],[-6527],wp
rainbomb,[-532],[186],[-1018],[-2043],[-20339],[237],wp
rainbomb,[-819],[1077],[936],[23294],[-6561],[4769],wp
rainbomb,[-122],[-433],[-1544],[-15365],[-11877],[3846],wp
rainbomb,[-443],[420],[-1268],[-14840],[-21253],[6616],wp
rainbomb,[-777],[322],[-1061],[1004],[-23468],[-5506],wp
rainbomb,[-729],[-441],[-1041],[-5373],[-11541],[16192],wp
rainbomb,[-722],[760],[-1333],[-326],[-21795],[-3711],wp
rainbomb,[195],[361],[1483],[-5610],[-1967],[826],wp
rainbomb,[-1116],[483],[-942],[11967],[-25000],[5566],wp
rainbomb,[-688],[719],[-1417],[-14517],[-24541],[8508],wp
rainbomb,[-692],[2112],[-7],[-25000],[-13543],[-14172],wp
rainbomb,[-613],[1842],[-242],[-25000],[-14442],[-6535],wp
shield,[-1038],[-887],[519],[-8684],[18204],[8483],wp
shield,[-1143],[-511],[214],[-10095],[17122],[14088],wp
shield,[-1260],[-540],[313],[-3374],[17019],[14614],wp
shield,[-1296],[-331],[13],[-12784],[16258],[17785],wp
shield,[-901],[-520],[43],[-3744],[15226],[11500],wp
shield,[-1069],[-217],[800],[-8262],[16191],[10750],wp
shield,[-966],[-446],[-51],[-548],[17187],[12395],wp
shield,[-1123],[-247],[-550],[-4132],[22981],[16615],wp
shield,[-863],[-752],[182],[-3810],[13672],[10184],wp
shield,[-711],[-130],[1028],[-2270],[15461],[1867],wp
shield,[-882],[-643],[369],[-6810],[14996],[8214],wp
shield,[-424],[564],[1268],[-10098],[18102],[8389],wp
shield,[-1193],[-652],[414],[-5128],[20606],[13466],wp
shield,[-724],[-466],[-42],[1437],[11991],[9385],wp
shield,[-1372],[-235],[-216],[-2846],[20845],[20198],wp
shield,[-1158],[-684],[224],[-156],[15610],[7020],wp
shield,[-1344],[1445],[-1532],[1763],[18657],[20265],wp
shield,[-538],[-259],[992],[2153],[1130],[610],wp
shield,[-597],[-680],[199],[518],[15591],[8935],wp
shield,[-1462],[-552],[542],[-2183],[24779],[17618],wp
shield,[731],[1079],[-1354],[5567],[5336],[3209],wp
shield,[-1330],[-554],[68],[-6041],[19238],[12211],wp
shield,[-1051],[-340],[141],[2924],[12594],[15993],wp
shield,[-1114],[-694],[465],[-8106],[14606],[15026],wp
shield,[-1247],[-479],[194],[-4764],[15752],[22981],wp
shield,[-1862],[-113],[-133],[-4573],[20244],[25000],wp
shield,[-1281],[-425],[279],[-3237],[15137],[19343],wp
shield,[-1246],[-427],[161],[-7120],[19590],[15542],wp
shield,[-988],[-540],[259],[-5085],[16744],[15504],wp
shield,[-1287],[-606],[486],[-8519],[18208],[21096],wp
shield,[-2062],[1057],[-1112],[-680],[25000],[24593],wp
shield,[-2041],[1288],[-482],[2550],[22773],[25000],wp
shield,[-1064],[-583],[420],[-3560],[20229],[11555],wp
shield,[-1116],[-392],[274],[-5100],[14347],[16763],wp
shield,[-1652],[-334],[-9],[-4251],[20671],[23258],wp
shield,[-1005],[-431],[172],[-2795],[15449],[16496],wp
shield,[-1273],[-504],[162],[-2890],[14394],[16897],wp
shield,[-1068],[-444],[170],[-5240],[16036],[16670],wp
shield,[-1050],[-368],[274],[-4878],[13482],[15895],wp
shield,[-1052],[-372],[12],[-1833],[13838],[21814],wp
shield,[-1224],[-418],[121],[-3596],[15171],[17933],wp
shield,[-1166],[-559],[461],[-5017],[19408],[12689],wp
shield,[-1059],[-478],[464],[-1465],[15831],[16530],wp
shield,[-896],[-478],[509],[-1347],[13805],[10753],wp
shield,[-1153],[1885],[-1418],[3768],[12370],[19558],wp
shield,[-1726],[-65],[719],[-3569],[20052],[22666],wp
shield,[-1161],[-472],[362],[41],[12678],[13435],wp
shield,[-2065],[853],[-624],[-3410],[24872],[25000],wp
shield,[-2050],[795],[-491],[-471],[23941],[25000],wp
shield,[-1938],[927],[-902],[-1194],[22991],[25000],wp
logout,[-1948],[1644],[-43],[4174],[1182],[21092],wp
logout,[-842],[1470],[609],[7064],[-4235],[44],wp
logout,[-680],[1210],[195],[6888],[12762],[-1600],wp
logout,[-1988],[1671],[650],[2451],[-2381],[18240],wp
logout,[-1795],[1702],[1189],[8616],[-15459],[8066],wp
logout,[-2073],[641],[665],[-8301],[-12349],[19092],wp
logout,[-1335],[649],[-1098],[1627],[25000],[-17434],wp
logout,[-147],[-627],[-504],[-1569],[-9017],[9269],wp
logout,[-2073],[1226],[820],[-1293],[-5787],[19296],wp
logout,[-960],[1317],[624],[-411],[1767],[3980],wp
logout,[-1481],[-377],[-195],[663],[-16119],[22370],wp
logout,[-2015],[1528],[704],[5339],[-6781],[18626],wp
logout,[-2019],[1262],[429],[1497],[-7081],[18646],wp
logout,[-234],[-854],[-562],[-2226],[-6498],[11247],wp
logout,[-670],[-687],[-147],[-6245],[-8988],[16049],wp
logout,[-1952],[1638],[1003],[1571],[-5135],[15369],wp
logout,[-1485],[1483],[824],[10747],[-4889],[11478],wp
logout,[-930],[-680],[-452],[-2384],[-10038],[19837],wp
logout,[-1125],[-454],[-111],[1616],[-1969],[21826],wp
logout,[-1947],[1444],[830],[1545],[-8281],[15147],wp
logout,[-2015],[1298],[1054],[1340],[-8983],[16875],wp
logout,[-1079],[1653],[465],[5642],[8091],[71],wp
logout,[-1861],[1424],[520],[518],[-3147],[17059],wp
logout,[-2063],[1521],[630],[5584],[-6038],[18595],wp
logout,[-975],[1406],[274],[12819],[6521],[-4898],wp
logout,[-1924],[1583],[-127],[6313],[313],[19509],wp
logout,[-1872],[1407],[467],[-1422],[-2970],[16451],wp
logout,[-956],[1532],[375],[3700],[2246],[7614],wp
logout,[-799],[1392],[170],[11974],[8394],[1285],wp
logout,[-1914],[1509],[535],[1718],[-4047],[19532],wp
logout,[-2011],[1701],[772],[6860],[-4699],[19251],wp
logout,[-2146],[1184],[-29],[2581],[1918],[24149],wp
logout,[-2207],[2071],[779],[9525],[-3074],[20391],wp
logout,[-1013],[1486],[76],[1895],[-181],[4887],wp
logout,[-1960],[1520],[649],[-149],[-5243],[19339],wp
logout,[-1327],[-504],[29],[-2985],[-7753],[25000],wp
logout,[-2045],[1611],[-63],[7393],[2805],[24186],wp
logout,[-1239],[-494],[31],[-5736],[-892],[25000],wp
logout,[-1081],[1383],[482],[1002],[-552],[8590],wp
logout,[-1974],[1369],[478],[3679],[-3785],[19486],wp
logout,[-1600],[1820],[507],[14720],[-1219],[10485],wp
logout,[-1974],[1170],[403],[9586],[-2658],[19148],wp
logout,[-1384],[1528],[1123],[-10720],[-3949],[8661],wp
logout,[-1311],[1531],[585],[5416],[-3862],[5833],wp
logout,[-1877],[1483],[318],[8381],[-1570],[18664],wp
logout,[-2020],[1117],[623],[6880],[-2365],[20786],wp
logout,[-951],[1193],[644],[-241],[-782],[-577],wp
logout,[-626],[1289],[86],[7048],[4481],[-1014],wp
logout,[-2258],[918],[506],[8349],[-10351],[22362],wp
logout,[-821],[1296],[533],[-3213],[-425],[2409],wp
basket,[-421],[-541],[-1423],[806],[2515],[-1100],darren
basket,[-152],[-508],[-1484],[1956],[3789],[904],darren
basket,[-1483],[-354],[-1581],[1094],[25000],[-15793],darren
basket,[-1274],[-266],[-1319],[-1591],[25000],[-17490],darren
basket,[-1570],[-384],[-1558],[2478],[25000],[-15274],darren
basket,[-1784],[-386],[-1543],[-1886],[25000],[-16939],darren
basket,[-1397],[-99],[-1328],[-1530],[25000],[-10843],darren
basket,[-1543],[-47],[-424],[-5246],[25000],[-2390],darren
basket,[-1958],[111],[-280],[-2195],[25000],[-3910],darren
basket,[-1532],[-68],[-1525],[-453],[25000],[-9498],darren
basket,[-1739],[-154],[-855],[-4525],[25000],[-9008],darren
basket,[-1484],[-46],[-554],[-4643],[25000],[-6658],darren
basket,[-1750],[99],[-304],[-3733],[25000],[-5359],darren
basket,[-1502],[-143],[-1012],[-3837],[25000],[-9687],darren
basket,[-1415],[-38],[-653],[-7300],[25000],[-7454],darren
basket,[-1573],[-62],[-547],[-4992],[25000],[-13975],darren
basket,[-1500],[147],[-522],[-2840],[25000],[-7265],darren
basket,[-1337],[52],[-757],[-1126],[25000],[-8339],darren
basket,[-1391],[-148],[-646],[-4016],[25000],[-7061],darren
basket,[-1314],[-40],[-652],[-3856],[25000],[-9285],darren
basket,[-1629],[-10],[-415],[-1047],[25000],[-5188],darren
basket,[-1490],[-73],[-569],[-1900],[25000],[-6112],darren
basket,[-2141],[14],[-944],[-8225],[25000],[-6947],darren
basket,[-1537],[-134],[-585],[-7724],[25000],[-8737],darren
basket,[-1589],[-162],[-626],[-4708],[25000],[-11595],darren
basket,[-1529],[67],[-664],[-1227],[25000],[-10433],darren
basket,[-1356],[-175],[-382],[-2368],[25000],[-9448],darren
basket,[-1580],[-247],[-786],[-6347],[25000],[-11784],darren
basket,[-303],[-350],[-1129],[6691],[-4779],[3392],darren
basket,[-1492],[-296],[-626],[-5650],[25000],[-7235],darren
basket,[-2253],[-312],[-713],[-4157],[25000],[-16396],darren
basket,[-1562],[-21],[-545],[-2677],[25000],[-3917],darren
basket,[3],[-420],[-1286],[2887],[4199],[1696],darren
basket,[-1898],[-34],[-898],[8175],[25000],[-12978],darren
basket,[-1455],[-140],[-970],[-6230],[25000],[-8271],darren
basket,[-1862],[341],[548],[-3687],[25000],[-4927],darren
basket,[-1677],[-129],[-368],[-5278],[25000],[-9186],darren
basket,[-1490],[204],[-271],[-2632],[25000],[-11020],darren
basket,[-1639],[108],[-164],[-3715],[25000],[-10787],darren
basket,[86],[-408],[-1261],[1178],[-10299],[6776],darren
basket,[-1655],[192],[-40],[-763],[25000],[-8323],darren
basket,[-1704],[84],[-48],[-4465],[25000],[-8935],darren
basket,[-1800],[-237],[-754],[-1698],[25000],[-14276],darren
basket,[-1720],[-336],[-1136],[1426],[25000],[-19260],darren
basket,[-91],[-358],[-1126],[1642],[-6638],[7698],darren
basket,[-484],[-376],[-947],[-1748],[-15448],[12807],darren
basket,[-626],[-379],[-821],[-2791],[-15331],[14553],darren
basket,[-314],[-453],[-1194],[5473],[-6615],[10015],darren
basket,[-136],[-656],[-1112],[1957],[-7598],[8680],darren
basket,[-48],[-577],[-1397],[3695],[5157],[-608],darren
bowling,[-1543],[225],[70],[-4573],[-25000],[-6518],darren
bowling,[-1672],[383],[-142],[-5315],[-24899],[-7065],darren
bowling,[-1578],[219],[-90],[-6902],[-25000],[-6637],darren
bowling,[-1583],[141],[122],[-4210],[-25000],[-6942],darren
bowling,[-1602],[316],[-37],[-4985],[-25000],[-8686],darren
bowling,[-1944],[98],[-114],[-3034],[-25000],[-11349],darren
bowling,[-684],[985],[-1448],[20743],[13991],[12176],darren
bowling,[-1533],[140],[124],[-4784],[-25000],[-5401],darren
bowling,[-1699],[7],[150],[-3143],[-25000],[-8379],darren
bowling,[-849],[817],[-1458],[15470],[15891],[8303],darren
bowling,[-1392],[313],[356],[-7207],[-23396],[-7725],darren
bowling,[-1629],[360],[54],[-5961],[-25000],[-6024],darren
bowling,[-1808],[329],[-338],[-4297],[-25000],[-8407],darren
bowling,[-1309],[99],[845],[-9014],[-22403],[-4177],darren
bowling,[-1651],[146],[86],[-2484],[-25000],[-6482],darren
bowling,[-1284],[160],[679],[-8024],[-25000],[-2180],darren
bowling,[-1262],[220],[194],[-111],[-20978],[-4029],darren
bowling,[-1489],[219],[85],[-3000],[-25000],[-8285],darren
bowling,[-1518],[189],[4],[-5413],[-25000],[-7780],darren
bowling,[-1635],[262],[74],[-4371],[-25000],[-8212],darren
bowling,[-1245],[-15],[923],[-7814],[-19908],[-2235],darren
bowling,[-1305],[165],[611],[-4698],[-24475],[-1985],darren
bowling,[-1555],[10],[348],[-3536],[-20658],[-8086],darren
bowling,[-1550],[29],[308],[-4905],[-21659],[-6093],darren
bowling,[-1225],[56],[750],[-7451],[-19556],[-4544],darren
bowling,[-1416],[-150],[820],[-5811],[-22576],[-4277],darren
bowling,[-1597],[-111],[987],[-6341],[-22368],[-2817],darren
bowling,[-1659],[2],[193],[-3653],[-25000],[-8482],darren
bowling,[-1362],[-119],[802],[-5536],[-19344],[-4487],darren
bowling,[-1469],[156],[903],[-5430],[-21381],[-3630],darren
bowling,[-1406],[98],[1218],[-8494],[-14927],[-2739],darren
bowling,[-1585],[-270],[530],[-2162],[-22044],[-8790],darren
bowling,[-1450],[18],[694],[-6321],[-20027],[-5918],darren
bowling,[-1638],[5],[105],[-771],[-25000],[-5148],darren
bowling,[-1399],[-187],[899],[-3996],[-19109],[-6714],darren
bowling,[-1403],[-129],[790],[-872],[-22769],[-4776],darren
bowling,[-1594],[-81],[345],[-3452],[-25000],[-6675],darren
bowling,[-1491],[-111],[925],[-5275],[-24571],[-956],darren
bowling,[-1592],[92],[137],[-3421],[-25000],[-5236],darren
bowling,[-1603],[-5],[270],[-2146],[-25000],[-5176],darren
bowling,[-1355],[79],[550],[-6874],[-24643],[-8024],darren
bowling,[-1408],[-55],[1024],[-8574],[-20745],[-8038],darren
bowling,[-1428],[-244],[938],[-2021],[-11770],[-10138],darren
bowling,[-1326],[92],[670],[-9712],[-23088],[-4598],darren
bowling,[-1326],[6],[711],[-8679],[-18825],[-5885],darren
bowling,[-1174],[80],[756],[-8285],[-17675],[-5858],darren
bowling,[-1461],[30],[549],[-8048],[-24004],[-7328],darren
bowling,[-1207],[13],[828],[-2449],[-18514],[-2434],darren
bowling,[-1461],[-274],[918],[-8136],[-15600],[-5421],darren
bowling,[-1283],[-74],[710],[-4758],[-16555],[-8545],darren
bowling,[-1407],[496],[265],[8417],[5253],[10007],darren
reload,[869],[253],[-55],[-1493],[3110],[-1584],darren
reload,[-1459],[283],[429],[5212],[-1277],[9225],darren
reload,[-1442],[302],[275],[-17941],[1351],[12810],darren
reload,[-1311],[660],[110],[-25000],[4189],[8517],darren
reload,[-1611],[727],[-41],[-7251],[12243],[9691],darren
reload,[-1579],[922],[-55],[-17747],[4849],[4788],darren
reload,[-1309],[753],[209],[-447],[-778],[727],darren
reload,[-1310],[734],[-214],[-25000],[7131],[7375],darren
reload,[-1393],[525],[71],[-25000],[8807],[13681],darren
reload,[-1233],[765],[-370],[-25000],[7061],[10200],darren
reload,[-1394],[891],[-71],[-25000],[5801],[6895],darren
reload,[-1200],[418],[-214],[-25000],[12049],[8311],darren
reload,[-1182],[350],[-179],[-25000],[12075],[7364],darren
reload,[-1198],[201],[-211],[-25000],[6787],[9427],darren
reload,[-1215],[481],[30],[-25000],[4010],[3395],darren
reload,[-1221],[602],[-39],[-14670],[4737],[6870],darren
reload,[-1206],[651],[-135],[-25000],[6161],[9025],darren
reload,[-1369],[481],[-339],[-25000],[8124],[8618],darren
reload,[-1321],[515],[13],[-25000],[6776],[8378],darren
reload,[-1258],[627],[-4],[-25000],[5353],[6225],darren
reload,[-1414],[594],[-208],[-25000],[8749],[5538],darren
reload,[-1351],[660],[-463],[-25000],[9482],[8132],darren
reload,[-1312],[521],[34],[-23850],[3801],[6909],darren
reload,[-1435],[553],[-23],[-22304],[4278],[8120],darren
reload,[-1288],[785],[-38],[-20023],[5018],[5535],darren
reload,[-1338],[429],[-29],[-25000],[4201],[8755],darren
reload,[-1297],[1249],[-106],[-25000],[8228],[2986],darren
reload,[-1283],[792],[-66],[-25000],[2213],[9920],darren
reload,[-1195],[849],[-161],[-23950],[7206],[3997],darren
reload,[-1345],[669],[-51],[-25000],[8639],[4660],darren
reload,[-1415],[391],[-63],[-24972],[9618],[8679],darren
reload,[-1214],[893],[-92],[-25000],[8980],[7071],darren
reload,[-1258],[498],[-147],[-25000],[6952],[12551],darren
reload,[-1545],[617],[-88],[-25000],[11603],[6514],darren
reload,[-1214],[570],[-142],[-25000],[9086],[8218],darren
reload,[-1211],[787],[-96],[-25000],[11024],[6037],darren
reload,[897],[-464],[386],[-5942],[6033],[-6191],darren
reload,[-1371],[482],[28],[-20765],[9474],[4955],darren
reload,[-1287],[338],[82],[-25000],[10383],[5417],darren
reload,[-1595],[1040],[-187],[-24961],[7518],[8809],darren
reload,[-1403],[817],[-338],[-25000],[7698],[7688],darren
reload,[-1355],[1056],[37],[-12501],[6114],[7717],darren
reload,[813],[-460],[233],[-8629],[3257],[-1455],darren
reload,[-1426],[1063],[-345],[-25000],[8648],[9555],darren
reload,[-1574],[828],[-54],[-25000],[12910],[4869],darren
reload,[-1695],[898],[-541],[-25000],[11748],[8014],darren
reload,[-1257],[727],[-140],[-25000],[12202],[7468],darren
reload,[-1251],[918],[-274],[-25000],[12315],[3836],darren
volley,[-1104],[-1171],[3066],[559],[-10913],[-1557],darren
volley,[-1012],[351],[1243],[-6012],[-5043],[9801],darren
volley,[-886],[-185],[1013],[-5526],[-9849],[10424],darren
volley,[-954],[-98],[1296],[-1629],[-11563],[7721],darren
volley,[-1263],[1],[2160],[-1976],[-11066],[9781],darren
volley,[-625],[31],[1313],[-9692],[-8230],[11357],darren
volley,[-1216],[579],[1634],[-3954],[-9759],[11233],darren
volley,[-1047],[393],[991],[-1403],[-4511],[8307],darren
volley,[-1128],[259],[1071],[-2165],[-5826],[8182],darren
volley,[-1368],[479],[1780],[2542],[-15886],[8647],darren
volley,[-1426],[-781],[2751],[8468],[-8231],[685],darren
volley,[-799],[-693],[1330],[-2156],[-6189],[7250],darren
volley,[-312],[-640],[1095],[8930],[-10953],[4698],darren
volley,[-1274],[-1218],[3076],[6792],[-6618],[2434],darren
volley,[-544],[-1431],[1850],[10389],[-12290],[2809],darren
volley,[-1019],[60],[1159],[102],[-6376],[10946],darren
volley,[-805],[-1290],[1982],[4665],[221],[5861],darren
volley,[-1133],[77],[1098],[11],[-2486],[3639],darren
volley,[-1371],[694],[988],[-2546],[-4460],[6366],darren
volley,[-1445],[534],[2255],[-4445],[-7110],[11587],darren
volley,[-876],[-696],[1506],[3054],[-10344],[2206],darren
volley,[-1330],[-1265],[2621],[2902],[-5393],[3766],darren
volley,[-1180],[-648],[2013],[3344],[-5990],[10526],darren
volley,[-1177],[183],[2769],[14400],[-13688],[4317],darren
volley,[-958],[538],[1725],[-3685],[-6694],[12603],darren
volley,[-1326],[-432],[1549],[5581],[-6616],[8705],darren
volley,[-135],[-546],[344],[15216],[-8433],[6018],darren
volley,[-1122],[-892],[2193],[46],[-4999],[3308],darren
volley,[-892],[-1698],[1906],[12139],[-3888],[2940],darren
volley,[-474],[-472],[1272],[4065],[-10592],[8394],darren
volley,[-816],[-413],[1197],[3840],[-13852],[11804],darren
volley,[-1181],[-355],[2004],[2060],[-10820],[9177],darren
volley,[-975],[-1637],[3209],[5613],[1945],[886],darren
volley,[-1589],[-433],[2112],[-99],[-8963],[5689],darren
volley,[-1487],[767],[1144],[-74],[-5226],[13168],darren
volley,[-1802],[-394],[2276],[-834],[-11418],[6591],darren
volley,[-1800],[-771],[2498],[7731],[-15256],[3582],darren
volley,[-1275],[-194],[1545],[-8256],[-14817],[9875],darren
volley,[-1511],[-766],[2525],[4351],[-12111],[10827],darren
volley,[-1024],[-270],[1759],[-323],[-10568],[8977],darren
volley,[-1038],[-673],[2111],[-381],[-9928],[6176],darren
volley,[-1357],[164],[1433],[-573],[-2430],[7695],darren
volley,[-1741],[-774],[2239],[11567],[-14551],[3072],darren
volley,[-1149],[454],[1141],[-8482],[-8402],[12182],darren
volley,[-1188],[-1629],[2379],[7570],[-4458],[5866],darren
volley,[-1712],[-1263],[3258],[2771],[-6099],[8307],darren
volley,[-1798],[547],[2023],[-3222],[-4963],[13779],darren
volley,[-1667],[-70],[1692],[-251],[-9197],[13966],darren
volley,[-1613],[-643],[2543],[1544],[-12396],[9483],darren
rainbomb,[-1871],[128],[1320],[-9932],[-18546],[4076],darren
rainbomb,[-2074],[-31],[953],[2555],[-20398],[5918],darren
rainbomb,[-1962],[226],[1063],[-1937],[-13960],[9468],darren
rainbomb,[-2032],[-63],[727],[541],[-22994],[3109],darren
rainbomb,[-1694],[472],[1746],[-6657],[-13266],[7529],darren
rainbomb,[-1868],[-437],[946],[2529],[-18292],[3361],darren
rainbomb,[-1936],[1],[861],[-1665],[-18524],[5448],darren
rainbomb,[-2172],[520],[-983],[-5182],[-25000],[1461],darren
rainbomb,[-2051],[304],[857],[-2559],[-19579],[4210],darren
rainbomb,[-2072],[-428],[660],[4220],[-19839],[3310],darren
rainbomb,[-1903],[12],[1179],[-11436],[-10926],[999],darren
rainbomb,[-2112],[358],[784],[-5098],[-14616],[5555],darren
rainbomb,[-1891],[-338],[1056],[-10432],[-9934],[-2156],darren
rainbomb,[-1947],[-107],[1203],[-4712],[-17378],[6359],darren
rainbomb,[-2029],[215],[992],[4190],[-19582],[3506],darren
rainbomb,[-1861],[59],[1002],[-10898],[-5516],[-1232],darren
rainbomb,[-1852],[-426],[1060],[-11516],[-5245],[-2080],darren
rainbomb,[-1936],[111],[1022],[-9144],[-8811],[-267],darren
rainbomb,[-1964],[20],[1008],[311],[-17725],[3377],darren
rainbomb,[-1984],[68],[1042],[-7697],[-13386],[-1719],darren
rainbomb,[-1964],[-59],[890],[-2021],[-16764],[1685],darren
rainbomb,[-2097],[-151],[386],[-1015],[-24517],[560],darren
rainbomb,[-2029],[445],[-932],[585],[25000],[-20223],darren
rainbomb,[-1899],[-52],[1042],[-8651],[-10798],[759],darren
rainbomb,[-1995],[-280],[766],[-236],[-18865],[-575],darren
rainbomb,[-1984],[-62],[1258],[-7632],[-17444],[2509],darren
rainbomb,[-1942],[-276],[1120],[-7528],[-11931],[248],darren
rainbomb,[-1800],[-207],[1006],[-11750],[-1998],[2852],darren
rainbomb,[-2052],[392],[1150],[-6727],[-15958],[2032],darren
rainbomb,[-1770],[-212],[1237],[-12052],[1128],[-3650],darren
rainbomb,[-1931],[-27],[861],[-5287],[-11117],[-982],darren
rainbomb,[-1883],[-161],[1040],[-1240],[-5479],[180],darren
rainbomb,[-1895],[165],[969],[-4493],[-10625],[5138],darren
rainbomb,[-2031],[63],[1064],[-8284],[-14105],[3310],darren
rainbomb,[-1799],[99],[1419],[-13399],[-2915],[5963],darren
rainbomb,[-1823],[-507],[1447],[-19667],[20],[-1021],darren
rainbomb,[-1844],[-274],[1072],[-16385],[-1932],[-2755],darren
rainbomb,[-1962],[-290],[1017],[-2812],[-12681],[871],darren
rainbomb,[-1904],[-179],[1106],[-15295],[-5713],[-4145],darren
rainbomb,[-2038],[-122],[1175],[-238],[-5052],[-4643],darren
rainbomb,[-1925],[-522],[759],[6759],[-15672],[3052],darren
rainbomb,[-1906],[-400],[1130],[-6818],[-3419],[-4699],darren
rainbomb,[-1846],[-542],[1093],[-9609],[-910],[-2029],darren
rainbomb,[-1838],[142],[1108],[-6083],[-1281],[148],darren
rainbomb,[-2000],[149],[728],[138],[-20434],[4119],darren
rainbomb,[-1944],[11],[795],[-904],[-10512],[2059],darren
rainbomb,[-1954],[138],[638],[-2031],[-9084],[-1001],darren
rainbomb,[-2212],[383],[723],[-13133],[-18144],[2319],darren
rainbomb,[-1967],[72],[730],[-5935],[-11473],[-2992],darren
rainbomb,[-1859],[-232],[1202],[-6276],[5],[-3588],darren
shield,[-1259],[1480],[-1245],[7388],[10898],[17672],darren
shield,[-1497],[-279],[-787],[364],[25000],[25000],darren
shield,[-1639],[-282],[-705],[1292],[25000],[25000],darren
shield,[-821],[1386],[-1237],[8479],[12121],[16177],darren
shield,[-1092],[1413],[-1249],[4164],[7956],[16566],darren
shield,[-1113],[1511],[-230],[7150],[2169],[10684],darren
shield,[-1212],[1212],[-1439],[12228],[17629],[21317],darren
shield,[-1196],[1077],[-1359],[8823],[17086],[16850],darren
shield,[-1155],[1149],[-1390],[5398],[17214],[21295],darren
shield,[-1017],[1666],[-854],[6277],[2911],[11678],darren
shield,[-873],[1508],[-487],[15741],[-114],[4535],darren
shield,[-1204],[1249],[-1213],[10649],[8779],[12748],darren
shield,[-1384],[1080],[-1407],[8709],[19531],[25000],darren
shield,[-1190],[1392],[-1259],[8333],[16571],[20177],darren
shield,[-1769],[1517],[-1474],[3927],[14777],[25000],darren
shield,[-1199],[1496],[-659],[6622],[6830],[14471],darren
shield,[-1097],[1475],[-263],[9832],[1087],[8127],darren
shield,[-1410],[973],[-1404],[51],[19414],[23695],darren
shield,[-1220],[1503],[-1224],[6978],[7956],[21776],darren
shield,[-1201],[1862],[-653],[18585],[2574],[11413],darren
shield,[-1173],[1032],[-1258],[11981],[15067],[16332],darren
shield,[-1517],[1340],[-1294],[9706],[8967],[21993],darren
shield,[-1173],[1277],[-66],[2911],[-1131],[7715],darren
shield,[-1667],[1352],[-1307],[4872],[13099],[25000],darren
shield,[-1173],[1391],[-260],[9011],[-2162],[11375],darren
shield,[-1357],[1532],[-530],[1578],[4405],[15977],darren
shield,[-1542],[1396],[-1181],[6937],[5091],[25000],darren
shield,[-934],[-712],[207],[-9094],[22399],[13779],darren
shield,[-1076],[1458],[-585],[6185],[727],[7428],darren
shield,[-989],[1448],[-660],[2755],[2558],[9991],darren
shield,[-910],[1415],[-397],[1657],[4234],[5885],darren
shield,[-947],[1472],[-672],[5961],[-2394],[10485],darren
shield,[-768],[1245],[-1416],[1474],[15781],[21514],darren
shield,[-1531],[-450],[-407],[-102],[25000],[20981],darren
shield,[-1260],[1263],[-1368],[865],[14618],[22377],darren
shield,[-1473],[1509],[-1194],[5629],[11743],[25000],darren
shield,[-1689],[1492],[-1261],[3527],[7966],[23384],darren
shield,[-1408],[1642],[-187],[1455],[4486],[9209],darren
shield,[-1287],[1038],[-1292],[4782],[22327],[25000],darren
shield,[-1153],[1768],[-364],[3298],[2599],[8108],darren
shield,[-1163],[995],[-1296],[-231],[15414],[25000],darren
shield,[-1375],[-422],[71],[-2343],[25000],[18005],darren
shield,[-821],[1394],[-271],[-8310],[1469],[4918],darren
shield,[-1050],[-301],[670],[-8345],[22620],[5951],darren
shield,[-1441],[1523],[-547],[4858],[5936],[14197],darren
shield,[-840],[1465],[-546],[6610],[-1042],[7026],darren
shield,[-1431],[1513],[-625],[3820],[7624],[17927],darren
shield,[-1467],[1324],[-1240],[8389],[19974],[23435],darren
shield,[-1258],[1309],[-1270],[14017],[16443],[14679],darren
shield,[-1592],[-538],[-290],[-6010],[25000],[15848],darren
logout,[-1296],[208],[1481],[-13576],[4853],[-3020],darren
logout,[-1328],[-108],[1450],[-12482],[-3754],[-5242],darren
logout,[-1315],[205],[1579],[-6209],[-4692],[-1021],darren
logout,[-1496],[149],[1455],[-10101],[-1104],[-2088],darren
logout,[-948],[54],[1333],[-2067],[-5185],[-1094],darren
logout,[-1334],[383],[1379],[-5592],[-2506],[-1071],darren
logout,[-1330],[70],[1466],[-4441],[-2835],[-1511],darren
logout,[-1044],[258],[1471],[-11381],[-5108],[-1203],darren
logout,[-1224],[153],[1516],[-10267],[-716],[-2323],darren
logout,[-227],[-208],[-669],[3042],[-13924],[3758],darren
logout,[-1048],[77],[1275],[-4542],[2224],[-2211],darren
logout,[-1397],[351],[1337],[-495],[-3016],[-196],darren
logout,[-1968],[-435],[1130],[5451],[-17126],[1268],darren
logout,[-1292],[358],[1304],[-7377],[-2343],[-3025],darren
logout,[-1395],[516],[1422],[-9777],[-3978],[-1889],darren
logout,[-1195],[24],[1413],[-5027],[-512],[-2369],darren
logout,[-1219],[278],[1303],[-8367],[-2548],[-3086],darren
logout,[-2027],[-358],[1104],[4428],[-17683],[1045],darren
logout,[-1275],[418],[1294],[-10019],[2953],[-5059],darren
logout,[-1437],[-15],[1438],[-9047],[4723],[-6763],darren
logout,[-1439],[-27],[1415],[-9224],[-6913],[-3770],darren
logout,[-925],[-434],[1531],[-15222],[1543],[-2338],darren
logout,[-1165],[-111],[1436],[-10090],[3092],[-3272],darren
logout,[-1228],[218],[1482],[-11911],[5265],[-5384],darren
logout,[-1138],[34],[1270],[-17624],[5542],[-7211],darren
logout,[-1441],[-252],[1306],[-11290],[5887],[-7554],darren
logout,[-1071],[73],[1376],[-9703],[-80],[-2216],darren
logout,[-1346],[95],[1478],[-14819],[4326],[-6510],darren
logout,[-1252],[123],[1437],[-12457],[4243],[-5596],darren
logout,[-922],[-318],[1447],[-12062],[3161],[-4504],darren
logout,[-1199],[-99],[1300],[-11885],[3814],[-8428],darren
logout,[-1165],[139],[1320],[-7554],[669],[-2203],darren
logout,[-1103],[-55],[1395],[-6806],[-442],[-2469],darren
logout,[-888],[396],[1366],[-11189],[1844],[-212],darren
logout,[-1898],[-45],[1563],[1764],[-16225],[2147],darren
logout,[-1143],[184],[1571],[-4624],[-4629],[-3752],darren
logout,[-1212],[234],[1427],[-7502],[-4146],[-1695],darren
logout,[-1010],[170],[1347],[-10940],[-1572],[-2885],darren
logout,[-1159],[188],[1431],[-14517],[-3028],[-3047],darren
logout,[-1397],[351],[1503],[-9638],[-579],[-808],darren
logout,[-1317],[20],[1388],[-15614],[-3517],[-5578],darren
logout,[-1209],[226],[1442],[-11739],[1507],[-2536],darren
logout,[-1287],[4],[1429],[-5906],[-5280],[-2623],darren
logout,[-565],[-250],[-1004],[277],[-19724],[3638],darren
logout,[-1080],[378],[1350],[-11420],[856],[-6246],darren
logout,[-1061],[-100],[1369],[-14452],[3601],[-6213],darren
logout,[-1139],[-71],[1427],[-8819],[1420],[-2958],darren
logout,[-1089],[219],[1476],[-5047],[511],[-1312],darren
logout,[-1320],[110],[1486],[-7792],[-3183],[-2359],darren
logout,[-273],[-106],[-1138],[-967],[-15395],[362],darren
